smiles,value
Cc1cnc(C(=O)NCCc2ccc(S(=O)(=O)NC(=O)NC3CCCCC3)cc2)cn1,0.350248018
CC(C)[C@@](C)(O)[C@@H]1CN(c2nc(-c3[nH]nc4ncccc34)c(F)cc2Cl)CCN1,0.622421274
CC(C)(C)NC(=O)NCCN1CCC(CNC(=O)c2cc(Cl)cc(Cl)c2)C1,1.144574208
Cc1ccc(OCC(O)C(C)NC(C)C)c2c1CCC2,1.334252642
O=C(Nc1cccnc1)c1ccnc(NC(=O)C2CC2)c1,1.615287063
Cc1cc(F)ccc1C1C(=O)NCCN1C(=O)c1ccc2nccn2c1,1.950724994
O=c1[nH]c2c(O)ccc([C@@H](O)CNCCCSCCOCCc3cccc4ccccc34)c2s1,-0.086186148
Cc1cc(C)c(C)c(Cn2ccc3c(/C=N/NC(=O)c4ccc(O)c(C#N)c4)cccc32)c1C,-0.494850022
Cc1cccc2cc(CN(Cc3ccco3)C(=O)Nc3cccc(C#N)c3)c(Cl)nc12,-1.045757491
CSc1ccc2c(c1)N(CCC1CCCCN1C)c1ccccc1S2,-0.15490196
Cc1onc(-c2c(Cl)cccc2Cl)c1NC(=O)OCc1c(F)cccc1Cl,-0.522878745
O=C(O)c1cc(N=Nc2ccc(S(=O)(=O)Nc3ccccn3)cc2)ccc1O,-0.537602002
CN(C)C(=O)C(CCN1CCC(O)(c2ccc(Cl)cc2)CC1)(c1ccccc1)c1ccccc1,0.7355989
Cc1ccc(S(=O)(=O)Nc2ccc3nc(C)sc3c2)cc1,-0.27572413
CCC(CC)NC(=O)c1cnn(-c2ccccc2)c1NS(=O)(=O)C1CCCC1,-0.677780705
NC(=O)c1cnc(N[C@H]2CCCNC2)c2cc(-c3ccccc3)sc12,1.349860082
CN(C(=O)Cc1ccc(-n2cnnn2)cc1)C1CCN(Cc2ccc(C(F)(F)F)cc2)CC1,0.782472624
COC(=O)C1=C(C)N=C(C)C(C(=O)OCCN(C)Cc2ccccc2)C1c1cccc([N+](=O)[O-])c1,-0.408935393
O=c1cc(N2CCOCC2)nc2n(Cc3cccc4ccccc34)ccn12,0.678518379
C[C@H]([C@H](O)c1ccc(O)cc1)N1CCC(O)(c2ccccc2)CC1,1.783689236
Cc1ccc(S(=O)(=O)Nc2c(C(=O)N[C@@H](C)C(C)(C)C)c(C(F)(F)F)nn2-c2ccccc2)cc1,-0.013228266
Cc1cc(Nc2cnc(C#N)c(N[C@@H](C)c3ccc(F)cn3)n2)[nH]n1,1.204119983
Cc1nc2ccc(NS(=O)(=O)c3ccc(C)c(C)c3)cc2s1,-0.619788758
CC(=O)N1CCN(c2nc3c(c(N(C)Cc4cc5ccccc5cn4)n2)CN(C(C)C)C3=O)CC1,1.530199698
Cc1cccnc1Nc1cccc(C2CCCN(CC(=O)Nc3nccs3)C2)n1,0.637289548
CN(C)C(=O)C(O)C(Cc1ccccc1)NC(=O)c1cc2cc(Cl)ccc2[nH]1,0.428134794
Nc1[nH]ncc1-c1cc(Cl)ccc1Oc1cc(F)c(S(=O)(=O)Nc2cscn2)cc1Cl,-0.08249449
CC(C)N1C(=O)C(NC(=O)C(Cc2ccccc2OC(F)(F)F)NC(=O)OC(C)(C)C)CCc2ccccc21,-0.522878745
NC(=O)C(CCC(F)(F)F)N(Cc1ccc(-c2ncon2)cc1F)S(=O)(=O)c1ccc(Cl)cc1,0.075546961
CCOCc1nc2c(N)nc3ccccc3c2n1CC(C)(C)O,1.759138816
CCCc1nn(C)c2c(=O)[nH]c(-c3cc(S(=O)(=O)N4CCN(C)CC4)ccc3OCC)nc12,0.994756945
CCC(CC)[C@@H](CO)NS(=O)(=O)c1ccc(Cl)s1,0.958563883
CN(C)C(C)(C(=O)OC1CC[N+](C)(C)CC1)c1ccccc1,1.657151502
O=C(CCNC(=O)c1ccc(OC(F)(F)F)cc1)N[C@@H]1CCCc2ccccc21,0.630427875
Cn1cc[nH]c1=S,1.91041094
O=C1NCCN(C(=O)c2ccncc2)C1c1ccccc1Cl,1.868168158
Cc1nn(C2CCOCC2)c(NS(=O)(=O)c2ccc(C3CC3)cc2)c1C(=O)N[C@@H](C)C(C)(C)C,1.039414119
O=C(O)COc1ccc(Cl)cc1CN1CCN(S(=O)(=O)c2ccc(F)cc2)CC1,0.949390007
COc1ccc2c(C)cc(N[C@H]3CC[C@H](NCc4cn(C)c5ccc(C#N)cc45)C3)nc2c1,0.164352856
CCc1c2c(nc3ccc(O)cc13)-c1cc3c(c(=O)n1C2)COC(=O)[C@]3(O)CC,0.976808337
C[C@H]1CN(Cc2cc(Cl)ccc2OCC(=O)O)CCN1C(=O)Cc1ccccc1,1.039414119
NC(=O)c1cnc(N[C@@H]2CCCC[C@@H]2N)nc1Nc1cccc(-n2nccn2)c1,0.912753304
Cc1ncc2n1-c1ccc(Cl)cc1C(c1ccccc1F)=NC2,0.6599162
O=C(NCC1(O)CCCCCC1)c1cc(-c2ccccc2C(=O)O)ccc1Cl,0.958563883
COc1ccc(CCN(C)CCCC(C#N)(c2ccc(OC)c(OC)c2)C(C)C)cc1OC,1.144574208
COc1cc2c(cc1-c1c(C)noc1C)ncc1[nH]c(=O)n([C@H](C)c3ccccn3)c12,0.572871602
CC(C)(C)OC(=O)NC[C@H]1CC[C@H](CNC(=O)c2cc(N3CCC(CCN4CC(O)C4)CC3)nc3ccccc23)CC1,0.515873844
CC1=NC(c2ccc(F)cc2)(c2cccc(-c3cccnc3)c2)N=C1N,0.940516485
CCCc1nc2[nH]c(C)c(NS(=O)(=O)c3ccc(C4CCCCC4)cc3)c(=O)n2n1,-0.137272472
Nc1nc2c(c(N3CC[C@@H](N)C3)n1)CCCc1ccccc1-2,1.640481437
CCS(=O)(=O)c1ccc(-c2cc(C(F)(F)F)ccc2OCC(=O)O)c(Cl)c1,0.495544338
CN(c1ccccc1)S(=O)(=O)c1ccc(NC(=O)C(C)(O)C(F)(F)F)cc1,0.380211242
CC(C)(N)C(=O)NC(COCc1ccccc1)C(=O)N1CCC2(CC1)CN(S(C)(=O)=O)c1ccccc12,1.403292145
Cc1ccc(S(=O)(=O)Nc2c(C(=O)N[C@@H](C)C(C)(C)C)c(C)nn2C2CCOCC2)cc1,1.220892249
Cc1cn([C@H]2CCCN([C@@H](CC(C)C)c3ccc(C(=O)O)c(Oc4cccc(Cl)c4)c3)C2)c(=O)[nH]c1=O,0.204119983
C[C@H]1C(=NC(=O)C(NOC(C)(C)C(=O)O)c2csc(N)n2)C(=O)N1S(=O)(=O)O,1.262213705
Cc1cc(Oc2ncc(C(F)(F)F)cc2Cl)ccc1Cc1sc(=O)[nH]c1O,-0.677780705
CCCNC(c1cccnc1)P(=O)(c1ccccc1)c1ccccc1,1.237543738
Cc1c(Cc2ccc3ccccc3n2)c2cc(F)ccc2n1CC(=O)O,-0.443697499
Cc1nc(Nc2nccs2)cc(C2CN(c3ncccn3)C2)n1,0.374565061
C[C@H](CCc1ccccc1)NC[C@H](O)c1ccc(O)c(C(N)=O)c1,1.65850745
CC[C@H](CO)Nc1nc(NCc2ccccc2)c2ncn(C(C)C)c2n1,0.857332496
CN(Cc1ccccc1)C1(C(=O)N2CCNC(=O)CC2)Cc2ccccc2C1,0.912806393
CC(=O)Nc1nc2c(Oc3cc(-c4ccc(C(F)(F)F)cc4)ncn3)cccc2s1,-0.698970004
O=c1[nH]c2c(O)ccc([C@@H](O)CNCCSCCCNCCc3ccccc3)c2s1,1.646109522
CC(C)(C)OC(=O)NC[C@H]1CC[C@H](CNC(=O)c2cc(-c3ccncc3)nc3ccccc23)CC1,0.301029996
Cc1cnc(C(=O)NCCc2ccc(S(=O)(=O)NC(=O)NC3CCCCC3)cc2)cn1,-0.204119983
O=C(NC1CCNCC1)c1ccc2c[nH]nc2c1,1.70808081
CCCCOc1nc(N)c2[nH]c(=O)n(Cc3cccc(CC(=O)O)c3)c2n1,0.698100546
O=c1[nH]c2ccccc2n1CCCN1CCC(n2c(=O)[nH]c3cc(Cl)ccc32)CC1,0.838849091
CN1CC(n2nccc2-c2cc(Cl)ccc2Oc2cc(F)c(S(=O)(=O)Nc3ncns3)cc2F)C1,0.544068044
CC(C)(/C=C(\C#N)C(=O)N1CCC[C@@H](n2nc(-c3ccc(Oc4ccccc4)cc3F)c3c(N)ncnc32)C1)N1CCN(C2COC2)CC1,0.123198075
Cc1ccc(S(=O)(=O)Nc2c(C(=O)NC(C)C)c(C)nn2-c2ccccc2)cc1,0.707570176
COc1ncc(-c2c(C)ccc(F)c2CCNC(=O)c2ccc(OCC(F)(F)F)nc2)cn1,0.640481437
CC(O)(C(=O)Nc1cccc(S(=O)(=O)c2ccccc2)c1)C(F)(F)F,0.773786445
NCCCCN(Cc1nc2ccccc2[nH]1)C1CCCc2cccnc21,1.568905415
CNC(=O)c1ccc(C)c(-n2c(C)cc(OCc3ccc(F)cc3F)c(Br)c2=O)c1,0.26245109
CC#CC(=O)N[C@H]1CCCN(c2c(F)cc(C(N)=O)c3[nH]c(C)c(C)c23)C1,-0.639532816
COc1cc(C)c(S(=O)(=O)N(C)CCOCC(=O)N2CCC(C3CCN(C)CC3)CC2)c(C)c1,1.708845638
OC(c1ccc(-c2ccc(CN3CCN(Cc4ccncc4)CC3)cc2)c(F)c1)(C(F)(F)F)C(F)(F)F,-1.096910013
Cc1c(-c2c(F)cc(C(N)=O)c3[nH]c4c(c23)CCC(C(C)(C)O)C4)cccc1-n1c(=O)c2cccc(F)c2n(C)c1=O,0.326540669
Cc1csc2c(N3CCN(C(=O)c4ccc(C(C)(C)C)cc4)CC3)ncnc12,-0.366531544
CCC(CC)n1nc(C)c(C(=O)N[C@@H](C)C(C)(C)C)c1NS(=O)(=O)c1ccc(C)cc1,0.912753304
CCCc1cc(=O)[nH]c(=S)[nH]1,1.79518459
COc1ccc(CCC[N+](C)(CCCc2ccc(OC)cc2)CCNC(=O)c2nc(Cl)c(N)nc2N)cc1,1.195899652
COCCOc1nc(N)c2[nH]c(=O)n(Cc3ccccc3)c2n1,1.575187845
C=CC(=O)N1CCC[C@H](n2c(=O)n(-c3ccc(Oc4ccccc4)cc3)c3c(N)ncnc32)C1,0.276231958
O=C1NC(=O)C(c2ccccc2)(c2ccccc2)N1,1.254064453
Cc1ccc(-c2nnc(Nc3ccc(C(=O)N(C)C)cc3)c3ccccc23)cc1S(=O)(=O)N(C)C,0.320146286
Cc1cc(Nc2cnccn2)cc(C2CCCN(CC(=O)N3CCCC3)C2)n1,1.632416797
CCC(C)NC(=O)c1c(C)nn(-c2ccccc2)c1NS(=O)(=O)c1ccc(C)cc1,0.525044807
c1ccc(Oc2cccc(CN(CCN3CCOCC3)Cc3cccnc3)c2)cc1,0.142389466
O=C(Nc1ccc(CN2CCNCC2)cc1-c1nc2ccccc2[nH]1)c1cnc2ccccc2n1,0.903632516
CC(=O)NC(Cc1ccccc1)C(=O)NC1CCCNC(=O)C(CCCN=C(N)N)NC(=O)C(Cc2c[nH]c3ccccc23)NC(=O)C(CC2CCCCC2)NC(=O)C2CCCN2C1=O,1.212720154
Cc1cc(N2CCCC2)nc(C2CCCN(C)C2)n1,1.861522463
CC(=O)Nc1ccc(C(=O)N2CCCCC2c2nc(N)ncc2-c2ccc(Cl)cc2)cc1,0.549861188
CCCSc1ccc2[nH]c(NC(=O)OC)nc2c1,0.764176132
O=c1[nH]c2cc(C(F)(F)F)ccc2n1-c1cc(C(F)(F)F)ccc1O,-0.958607315
CN(C)CCCN1c2ccccc2Sc2ccc(Cl)cc21,0.23299611
O=C(NCc1ccc(OC(F)(F)F)cc1)c1c2cccc(O)c2c(O)n1CCc1ncc(F)cn1,0.621176282
C[C@@H](CC(=O)OC(C)(C)C)NC(=O)C1=NO[C@@H](C(O)(C(F)(F)F)C(F)(F)F)C1,1.278524965
Cc1ccc(S(=O)(=O)Nc2c(C(=O)N(C)C3CCCCC3)cnn2-c2ccccc2)cc1,0.271841607
CCN(Cc1cc(C(F)(F)F)ccc1-c1cc(CC(=O)O)ccc1OC)C(=O)NCc1ccccc1,0.281033367
C=CC(=O)Nc1cccc(Oc2nc(Nc3ccc(N4CCN(C)CC4)cc3)nc3ccoc23)c1,-0.208309351
CCOc1ccc([C@@H](C)Nc2nc(N3CCN(C(C)=O)CC3)nc3c2CN(C(C)C)C3=O)cc1F,1.410777233
Cc1ncc(CN2CCC(Nc3ccc4nnnn4n3)C(C)C2)s1,1.579154557
COc1cccc2c1c(NS(=O)(=O)c1ccc(Cl)s1)nn2Cc1cccc(CNC(=O)C(C)(C)O)c1,-0.086186148
Cc1c[nH]c(-c2cnc(NCCNc3ccc(C#N)cn3)nc2-c2ccc(Cl)cc2Cl)n1,0.650307523
Cc1cc(Nc2cnc(C#N)c(N[C@@H](C)c3ncc(F)cn3)n2)[nH]n1,1.575187845
O=c1n(CCCN2CCN(c3cccc(Cl)c3)CC2)nc2ccccn12,1.092720645
Cc1ccc(S(=O)(=O)Nc2c(C(=O)N[C@@H](C)C(C)(C)C)c(C)nn2C2CCCC2)cc1,0.428134794
CCOc1ccc(-n2c([C@@H](C)N(Cc3cccnc3)C(=O)Cc3ccc(OC(F)(F)F)cc3)nc3ncccc3c2=O)cc1,0.46686762
CN(C(=O)Cc1ccc(S(C)(=O)=O)cc1)C1CCN(Cc2ccc(C(F)(F)F)cc2)CC1,1.204119983
O=C(NCc1ccc(OC(F)(F)F)cc1)c1c2ccccc2c(O)n1CCc1ncccn1,1.110252917
c1ccc2nc(COc3ccc(-c4[nH]ncc4-c4ccncc4)cc3)ccc2c1,-0.744727495
COc1ncc(-c2cccc(C)c2CCNC(=O)c2ccc(OCCC(F)(F)F)nc2)cn1,0.745074792
COc1ccnc(CCc2nc3cccnc3[nH]2)c1,1.489677292
CCC(C)C(=O)O[C@H]1C[C@H](O)C=C2C=C[C@H](C)[C@H](CC[C@@H](O)C[C@@H](O)CC(=O)O)[C@H]21,1.543322901
NCCCCN(Cc1nc2ccccc2[nH]1)[C@H]1CCCc2cccnc21,1.388278863
Cc1ncccc1Oc1ncnc(OC2CCN(C(=O)OC(C)C)CC2)c1C,0.495544338
Cc1ccc(NC(=O)Nc2nnc(-c3ccncc3)s2)cc1,-0.193820026
Cc1cc(C)c2c(N)c(C(=O)NCc3ccc(Cl)cc3)sc2n1,-0.185752404
Cc1ccc(N2CC(COc3ccc(-c4noc(C)n4)cc3)C2)nn1,0.688419822
CCn1cc(C(=O)O)c(=O)c2c(N)c(F)c(NC3CCCCC3)cc21,0.426673888
O=C(c1cc(Cc2n[nH]c(=O)c3ccccc23)ccc1F)N1CCCNCC1,1.775683249
Cc1cnc(Nc2ccc(OCCN3CCCC3)cc2)nc1Nc1cccc(S(=O)(=O)NC(C)(C)C)c1,1.310693312
Cc1cc(-n2cnc3ccc(N[C@@H](C)c4ncc(F)cn4)nc32)[nH]n1,1.683677299
CC1Cc2ccccc2N1C(=O)Cn1nc(-c2cccc3ncccc23)oc1=O,0.360404055
CCn1nc(C)c(C(=O)N[C@@H](C)C(C)(C)C)c1NS(=O)(=O)c1ccc(C)cc1,0.678518379
NC(=O)C1(Cc2ccc(-c3ccncc3)cc2)CCN(C(=O)Cc2cccc(F)c2)CC1,1.058463986
O=C(CC1CCCCCC1)Nc1cccc2c(=O)n([C@H]3CCNC3)ccc12,1.365300749
COc1cccc(Nc2c(C(N)=O)cnc3c(C)cc(S(=O)(=O)c4cccc(C(=O)N(C)C)c4)cc23)c1,0.380211242
Cc1cnc(C(=O)c2ncnc3[nH]ccc23)c(NS(=O)(=O)c2ccc(Cl)c(C(F)(F)F)c2)c1,-0.677780705
Cc1nc(-c2ccc(OCC(C)C)c(C#N)c2)sc1C(=O)O,-0.283996656
COc1ccc(Cl)cc1C(=O)NCCc1ccc(S(=O)(=O)NC(=O)NC2CCCCC2)cc1,-0.943095149
COc1cc(C)c(S(=O)(=O)N(C)CCOCC(=O)N(C)Cc2ccc(C3=NCCN3)cc2)c(C)c1,1.410777233
CC1CN(c2cc(=O)[nH]c(NCc3cccc4ccccc34)n2)CCO1,0.380211242
CC(=O)Nc1ncc(C(=O)O)s1,1.854123782
N#C[C@]1(NC(=O)C(N)Cc2cccs2)C[C@H]1c1ccccc1,1.468642668
O=C(Nc1ccc(Cl)nc1)c1ccc(F)c(F)c1,1.075181855
O=S(=O)(NC1CCNCC1)c1cc(S(=O)(=O)c2ccccc2)ccc1C(F)(F)F,1.349860082
COC[C@H](O)Cn1c(=O)cnn(-c2ccc(Cl)c(C(=O)NCC3(O)CCCCCC3)c2)c1=O,1.678518379
COc1ccc(Nc2c(C#N)cnc3cc(OC)c(OC)cc23)cc1Cl,0.115943177
O=c1[nH]c2c(O)ccc([C@@H](O)CNCCc3cccc(CNCCc4ccccn4)c3)c2s1,1.170555059
CC(C)(C)OC(=O)NC(Cc1ccccc1C(F)(F)F)C(=O)NCc1nc2cccnc2n1Cc1ccccc1,-0.698970004
COCCC(=O)N[C@H](C)c1ccc(Nc2ncc3cc(-c4ccncc4)ccc3n2)cc1,0.650307523
CN(CCNCCc1ccc(O)c2[nH]c(=O)sc12)C(=O)CCOCCc1ccccc1,1.31868927
CNCCC(Oc1ccc(C(F)(F)F)cc1)c1ccccc1,0.716837723
Cc1ccc(S(=O)(=O)Nc2c(C(=O)N[C@@H](C)C(C)(C)C)c(C)nn2C2CCS(=O)(=O)CC2)cc1,1.410777233
COCCc1noc(CN2CC(c3ccccc3)(c3ccccc3)CCC2=O)n1,1.25166255
O=C(NCc1ccc(OC(F)(F)F)cc1)c1c2ccccc2c(O)n1C1CCOCC1,1.118925753
O=c1[nH]c2ccccc2n1C1CCN(CCCC(c2ccc(F)cc2)c2ccc(F)cc2)CC1,-0.522878745
CC(C)(CCCCCOCCc1ccccc1)NCCc1ccc(O)c2[nH]c(=O)sc12,0.359835482
Cc1cccc(-c2[nH]c(C34CCC(C(N)=O)(CC3)CC4)nc2-c2ccc3c(c2)OCO3)n1,0.21031852
OCCNC(=S)NCc1cccc(Cl)c1F,1.204119983
Cc1nn(-c2ccccc2)c(N)c1-c1ccccc1,0.6599162
CC(C)(C)CCN1CC[C@H](CNC(=O)c2cc(Cl)cc(Cl)c2)[C@H](F)C1,0.922206277
C[C@@H]1C[C@H]2[C@@H]3CC=C4CC(=O)C=C[C@]4(C)[C@@]3(F)[C@@H](O)C[C@]2(C)[C@@]1(O)C(=O)CO,1.101403351
CC(C)Oc1cc(Nc2nc(N[C@@H](C)c3ccc(F)cn3)nc(OC(CO)CO)c2Cl)[nH]n1,1.237543738
CCOc1cc(CN2CCC(Nc3nc4cc(S(N)(=O)=O)ccc4o3)CC2)cc(OCC)c1N,1.039414119
C[S+]([O-])Cc1ccc(C(=O)Nc2cccnc2C(=O)NCC2CCC2)c2ccccc12,0.075546961
Cc1cc(=O)n(-c2ccccc2)n1C,1.845718018
COc1cccc2c1c(NS(=O)(=O)c1ccc(Cl)s1)nn2Cc1cccc(CNC(=O)C2COCCN2)c1,0.193124598
CCCCNC(=O)NS(=O)(=O)c1ccc(C)cc1,0.359835482
Cc1c(Sc2ccc(Cl)cc2)c2c(NS(C)(=O)=O)cccc2n1CC(=O)O,-0.508638306
COc1cc(F)c(C(C)C)cc1-c1ccc(C(F)(F)F)cc1CN1C(=O)O[C@H](c2cc(C(F)(F)F)cc(C(F)(F)F)c2)[C@@H]1C,0.515873844
CC(C)CC(NC(=O)C(O)C(N)Cc1ccccc1)C(=O)O,1.54052968
COc1cc2c(cc1OC)CN(CCc1ccc(NC(=O)c3cccc4c(=O)c5cccc(OC)c5[nH]c34)cc1)CC2,0.252853031
O=C1Nc2cc(C(F)(F)F)ccc2C1(O)c1cc(Cl)ccc1O,0.045322979
Fc1ccccc1-c1c[nH]nc1C1CCCN1Cc1ccc2ncccc2c1,0.460897843
Cc1noc(NS(=O)(=O)c2ccc(N)cc2)c1C,0.184691431
CC(C)(C)NS(=O)(=O)c1cncc(-c2ccc3nc(NC(=O)NCC(=O)N4CCOCC4)nn3c2)c1,1.72794771
Cc1ccc(S(=O)(=O)Nc2c(C(=O)NC3CCOCC3)c(C)nn2-c2ccccc2)cc1,0.949390007
CCC(N)C(=O)N[C@H](C#N)Cc1ccc(-c2ccccc2)cc1,0.88536122
CCOc1cc2nnc(C(N)=O)c(Nc3ccc(C)cc3F)c2cc1N1CCN(C)CC1,0.80140371
Cc1nn(-c2ccccc2)c(NS(=O)(=O)C2CCCCC2)c1C(=O)N[C@@H](C)C(C)(C)C,0.212187604
Cc1cn([C@H]2CCCN([C@@H](C)c3ccc(C(=O)O)c(Oc4cccc(Cl)c4)c3)C2)c(=O)[nH]c1=O,0.428134794
O=P1(N(CCCl)CCCl)NCCCO1,1.93333541
CCN(CC)S(=O)(=O)c1ccc(-c2cc(C(F)(F)F)ccc2OCC(=O)O)cc1,0.252853031
Cc1cc(Nc2nc(O[C@@H](C)c3ncc(F)cn3)ncc2Cl)[nH]n1,1.530199698
CC(=O)N1CCN(c2nc(NCC(C)c3ccc(Cl)cc3)c3c(n2)C(=O)N(C(C)C)C3)CC1,1.1532049
CCOc1cc2nn(CCC(C)(C)O)cc2cc1NC(=O)c1cccc(C(F)F)n1,0.268343914
COc1ccc(CC(=O)NCc2ccccc2-c2ccccc2C(=O)NCCc2cccnc2)cc1,0.922206277
Cc1ccccc1N=Nc1ccc(NC(=O)c2ccnn2C)c(C)c1,-0.769551079
CCOC(=O)C1=C(C)N=C(C)C(C(C)=O)[C@H]1c1cccc2c(=O)cc(C)oc12,-1.096910013
O=P(c1ccccc1)(c1ccccc1)N(Cc1ccccn1)c1cccnc1,1.161966616
O=C(NCc1cccc(OC(F)(F)F)c1)c1c2ccccc2c(O)n1CCc1ncc(F)cn1,1.254064453
Cc1nc(C)c(-c2ccc(C3CCC(CC(=O)NC(C)(C)C(=O)O)CC3)cc2)nc1C(N)=O,0.399673721
CC(=O)N1CCN(c2nc(N[C@H](C)c3cnc4ccccc4c3)c3c(n2)C(=O)N(C(C)C)C3)CC1,0.075546961
CC1CN(C(=O)CC(c2ccccc2)c2ccccc2)CC(C)O1,0.718335579
COCCNC(=O)c1ccnc(C2CCNCC2)c1,2
O=c1cc(Cn2c(C3CCC3)nc3nccnc32)c2ccc(F)c(F)c2[nH]1,1.204119983
CCc1nn(C2CCCC2)c2c1CCn1c(-c3cccs3)nnc1-2,0.678518379
CC(=O)Nc1ccc(C(=O)N2CCCCC2c2nc(N)ncc2-c2cccc(Cl)c2)cc1,0.584331224
CC(C)(C)NC(=O)NCCN1CCC(O)(CNC(=O)c2cc(Cl)cc(Cl)c2)CC1,1.365300749
CCN1CCN(S(=O)(=O)Cc2ccc(Cl)c(Cl)c2)CC1,1.071845201
O=C(NCCc1ccccc1Cl)c1cc(-n2ncc(=O)[nH]c2=O)ccc1Cl,0.350248018
CCn1c(CO)nn(-c2cc(O[C@@H](C)C(F)(F)F)c(C(=O)Nc3c(F)cccc3Cl)cc2F)c1=O,0.876910311
COc1c(N2C[C@@H]3CCCN[C@@H]3C2)c(F)cc2c(=O)c(C(=O)O)cn(C3CC3)c12,1.816771412
O=C(Nc1nc2cccc(-c3ccc(CN4CCS(=O)(=O)CC4)cc3)n2n1)C1CC1,1.601853652
COc1ccc(CCO[C@@H]2CCCC[C@H]2N2CC[C@@H](O)C2)cc1OC,1.889973638
COc1cc(C)c(S(=O)(=O)N(C)CCOCC(=O)N2CCN(C3CCN(C)CC3)CC2)c(C)c1,1.798926739
O=C(NCc1ccc(OC(F)(F)F)cc1)c1c2ccccc2c(O)n1C[C@@H]1CCCO1,0.782472624
O=C(Nc1cccc(Cl)c1)c1ccccn1,0.688419822
Cc1ccc2c(OCCN3CCC(Cc4cccc(NS(C)(=O)=O)c4)CC3)cccc2n1,0.725911632
C[C@@H](O[C@H]1OCCN(Cc2n[nH]c(=O)[nH]2)[C@H]1c1ccc(F)cc1)c1cc(C(F)(F)F)cc(C(F)(F)F)c1,-0.638272164
CCCCN(CCNCCc1ccc(O)c2[nH]c(=O)sc12)C(=O)CCOCCc1ccccc1,0.848189117
CC(NC(=O)c1cc2ccccc2[nH]1)c1ccccc1,0.563481085
Cc1ncc(C(N)=S)nc1-c1ccc(C2CCC(CC(=O)O)CC2)cc1,-0.004364805
CC[C@@H](Nc1c(Nc2cccc(C(=O)N(C)C)c2O)c(=O)c1=O)c1ccc(C)o1,0.025305865
O=C(Nc1nc2ccccc2[nH]1)c1ccccc1,1.101403351
CCc1nc(N)nc(N)c1-c1ccc(Cl)cc1,0.838849091
CC1(CNC(=O)c2cncc(C3CCNCC3)n2)CCCO1,1.960042456
CCCC(=O)Nc1ccc(Cl)c(-c2nc3ncccc3o2)c1,0.553883027
O=C(c1ccc(-c2ccc(Cl)cc2)o1)N(Cc1ccccn1)c1ccc(N2CCNCC2)cc1,0.340444115
C=CC(=O)Nc1cccc(Oc2nc(Nc3ccc(N4CCN(C)CC4)cc3)nc3ccsc23)c1,-0.308918508
CC(CN1c2ccccc2Sc2ccccc21)N(C)C,0.848189117
CCS(=O)(=O)c1ccc(-c2cc(C(F)(F)F)ccc2OCC(=O)O)c(C)c1,0.848189117
CCN(C(=O)c1ccc(-c2ccc(Cl)cc2)o1)c1ccc(N2CCNCC2)cc1,0.631443769
COc1ccccc1OCC(O)CN1CCN(CC(=O)Nc2c(C)cccc2C)CC1,1.667919685
CN(C)CCn1cc(-c2cc(C(=O)NC[C@H]3CC[C@H](CNC(=O)OC(C)(C)C)CC3)c3ccccc3n2)cn1,0.810904281
COc1ccc(NC(=O)c2ccnc3ccccc23)c(C(=O)NCC2CCC2)n1,-1.045757491
O=C(CN1CCCC(c2cccc(Cc3cccc(F)c3)n2)C1)N1CCCC1,0.953856298
CC(C)C(NC(=O)c1ccccc1)C(=O)c1ccc([N+](=O)[O-])cc1,0.838849091
CCCC(=O)Nc1ccc(OCC(O)CNC(C)C)c(C(C)=O)c1,1.851564082
CCCc1nc2c(C)cc(-c3nc4ccccc4n3C)cc2n1Cc1ccc(-c2ccccc2C(=O)O)cc1,-0.420216403
C[C@@H](Oc1ccccc1-c1cccc([N+](=O)[O-])c1)C1=NCCN1,1.605735894
CC(C)(C)NC(=O)NCCN1CCOC(CNC(=O)c2cc(Cl)cc(Cl)c2)C1,0.829946696
CC[C@H](NC(=O)c1c(O)c(-c2ccccc2)nc2ccccc12)c1ccccc1,-1.301029996
O=c1cc(N2CCOCC2)[nH]c(NCc2c(Cl)cccc2Cl)n1,0.621176282
CCOc1ccc2oc(C(=O)NC(CCSC)c3nc4ccccc4[nH]3)c(C)c2c1,-0.045757491
Cc1cc(Nc2nc(N[C@@H](C)c3ccc(F)cn3)c(C#N)nc2C)[nH]n1,1.278524965
O=C1CCc2cc(-c3cncc4ccccc34)ccc2N1,0.495544338
C[C@@H]1CN(Cc2nnc(-c3cc(-c4cccc5[nH]ccc45)cc4[nH]ncc34)o2)C[C@H](C)O1,0.495544338
O=C(N[C@@H]1COc2cccc(-c3ccc(CO)nc3)c2C1)c1ccc(OCCOCC(F)(F)F)nc1,0.949390007
N=C(N)c1ccc2[nH]c(-c3cccc(-c4ccccc4)c3O)nc2c1,0.1430148
O=c1[nH]c2c(O)ccc([C@@H](O)CNCCc3cccc(CNCCc4ccccc4F)c3)c2s1,1.127428778
COc1ccc(-c2c(C(=O)N3CCC[C@H]3CO)cc3cccnn23)cc1,1.418135498
CCOc1ncc(C)c2c1[C@H](c1ccc(C#N)cc1OC)C(C(N)=O)C(C)=N2,-1.15490196
CN(C)c1nc(Cc2ccc(NC(=O)c3ccc(C(F)(F)F)cc3)cc2)nc(N(C)C)c1CC(=O)O,-0.602059991
CCS(=O)(=O)c1ccc(-c2cc(Cl)ccc2OCC(=O)O)c(F)c1,0.754348336
O=C1CCCC[C@@H]2[C@H](C[C@@H](Cc3ccccc3F)N2C(=O)c2cccc3ncccc23)N1,1.348966512
CC(C)(C)NC(=O)NCCN1CC(NC(=O)c2cc(Cl)cc(Cl)c2)C1,1.003891166
CNC(=O)CCCN(C)C(=O)c1ccc2c(c1)c1c(n2C)CC[C@@H](C2CCOCC2)C1,0.164352856
CN1CCN(S(=O)(=O)c2ccc(-c3cnc(N)c(C(=O)Nc4cccnc4)n3)cc2)CC1,0.915558115
N#Cc1ccc2[nH]c(-c3ccc(F)cc3)c(CCCC(=O)NS(=O)(=O)C(F)(F)F)c2c1,0.820201459
Cc1cccc([C@H](C)c2c[nH]c(=S)[nH]2)c1C,1.278524965
C=CC(=O)N1CCC[C@@H](n2nc(-c3ccc(Oc4ccccc4)cc3)c3c(N)ncnc32)C1,-0.358525889
CN[C@H]1CC[C@@H](c2ccc(Cl)c(Cl)c2)c2ccccc21,0.301029996
CCOc1cc(CC(=O)N[C@@H](CC(C)C)c2ccccc2N2CCCCC2)ccc1C(=O)O,-0.063486258
O=C(Nc1ccc2ccccc2n1)c1ccc(N2CCOC2=O)cc1,0.069298012
CCOC(=O)C1=C(C)N=C(C)C(C(=O)OC)C1c1cccc([N+](=O)[O-])c1,-0.113509275
CCN(CCO)C(=O)c1cc2cccnc2n1-c1cccc(C(F)(F)F)c1,1.395850376
O=C(CCCN1CCC(O)(c2ccc(Cl)cc2)CC1)c1ccc(F)cc1,1.270445908
OCc1cc(C(O)CNCCCCCCOCCCCc2ccccc2)ccc1O,0.866877814
CCOc1cc(Nc2nc3c(cc2F)ncn3[C@@H](CO)c2ccc(F)cn2)[nH]n1,1.229425848
CCNC(=O)C1O[C@@H](n2cnc3c(NCC(c4ccccc4)c4ccccc4)nc(C(=O)NCCNC(=O)NC4CCN(c5ccccn5)CC4)nc32)[C@H](O)[C@@H]1O,0.152288344
CC(=O)Nc1ccc(O)cc1,1.916985305
Cc1cnc(-c2c(F)ccc(F)c2CCNC(=O)c2ccc(COCC(F)(F)F)nc2)cn1,1.447313109
N#Cc1cccc(-c2cc(C(F)(F)F)ccc2OCC(=O)O)c1,0.544068044
COc1cccc(CNCc2cccc(CCNC[C@H](O)c3ccc(O)c4[nH]c(=O)sc34)c2)c1,1.187520721
O=C(CN1CCOCC1)Nc1ccc(-c2cccc3c(=O)cc(N4CCOCC4)oc23)cc1-c1ccccc1,0.80140371
CC(C)Oc1ccc2c(=O)c(-c3ccccc3)coc2c1,-0.251811973
COc1ccc(C2(c3ccc(F)c(-c4cccnc4F)c3)N=C(N)N(C)C2=O)cc1C,-0.004364805
CC1(C)[C@@H]2CC[C@@]1(CS(=O)(=O)N1CCN(c3ccc(C(F)(F)F)cn3)CC1)C(=O)C2,0.281033367
OCC1CCCCN1Cc1ccc(Cl)c(Cl)c1,1.484982782
COc1ccc(CCN2C(=O)N(NS(C)(=O)=O)C[C@@H]2c2ccc(OC)cc2)cc1,0.281033367
CC(C)(C)NC(=O)NCCN1CCN(CC(=O)NC23CC4CC(CC(C4)C2)C3)CC1,1.489677292
Cc1nccn1-c1sc(Nc2cnccn2)nc1-c1cccc(C#N)c1,0.640481437
CC#Cc1cncc(-c2cccc([C@@]3(c4cc(C)c(=O)n(CC)c4)N=C(N)c4c(F)cccc43)c2)c1,0.133538908
Cc1ccccc1-n1c(Cn2nc(-c3ccc(O)c(F)c3)c3c(N)ncnc32)nc2cccc(C)c2c1=O,0.495544338
CN1CCN(CCCN2c3ccccc3Sc3ccc(C(F)(F)F)cc32)CC1,-0.15490196
O=C(NC1CCNCC1)c1ccc2[nH]ncc2c1,1.92695435
Cc1cc(OC2CCN(CC3CCN([C@@](C)(Cc4ccc(F)cc4)C(=O)O)CC3)CC2)ccc1Cl,1.425534221
CS(=O)(=O)N1CCC(NC(=O)NC23CC4CC(CC(C4)C2)C3)CC1,1.418135498
O=C1COc2nccc(-c3ccccc3F)c2CN1Cc1cc(C(F)(F)F)cc(C(F)(F)F)c1,-0.091514981
Cc1cccc(CN2CCC3(CC2)CCN(C(=O)c2ccccc2)CC3)c1,1.662568967
O=C(O)CNC(=O)c1ncccc1O,1.380753771
COC(=O)C1=C(C)N=C(C)C(C(=O)OC)C1c1ccccc1[N+](=O)[O-],-0.638272164
O=C(O)CCn1c2c(c3ccccc31)C[C@H](NS(=O)(=O)c1ccc(F)cc1)CC2,0.515873844
O=c1[nH]c2c(O)ccc([C@@H](O)CNCCCOCCOCCc3ccccc3)c2s1,1.667919685
Cc1ncc(CN2CCC(Nc3cncc(Cl)n3)C(C)C2)s1,1.264227348
COc1ccc2c(c1)C(=O)C(=O)N2CC1COc2ccccc2O1,-0.229147988
Cc1oc2ccccc2c1CNc1nnc(-c2ccncc2)o1,-0.172630727
CC(C)(C)c1cc(NC(=O)NCc2ccccc2Sc2ccc3nnc(-c4ccccc4SCCO)n3c2)n(-c2ccc(O)c(Cl)c2)n1,-0.886056648
CC(C)Cc1c(C(=O)C(N)=O)c2c(OCC(=O)O)cccc2n1Cc1ccccc1,0.271841607
c1ccc2c(c1)CCC[C@H]2Nc1nc2ccccc2[nH]1,0.640481437
CC(C)C[C@H](CN)CC(=O)O,1.698970004
Cc1c(OC2CCN(CC3CCN(C(Cc4ccc(F)cc4)C(=O)O)CC3)CC2)ccc(C#N)c1Cl,1.678518379
CC(C)(C(=O)O)c1ccc(C(O)CCCN2CCC(C(O)(c3ccccc3)c3ccccc3)CC2)cc1,1.365300749
CCN(C/C=C\c1ccc(C2CCCCC2)c(Cl)c1)C1CCCCC1,0
CCOC(=O)Nc1ccc(NCc2ccc(F)cc2)cc1N,1.302763708
Cc1c(-c2cc3ccccc3o2)oc(=O)c(C)c1O,-0.585026652
N#Cc1ccc2[nH]c(O)c(-c3ccc(CN4CCOCC4)cn3)c2c1,1.072507236
O=C(NCC1CCC1)c1nc(OCCOCCO)ccc1NC(=O)c1ccnc2ccccc12,0.477121255
O=S(=O)(Nc1ncns1)c1cc(F)c(Oc2cc(F)c(Cl)cc2-c2cn[nH]c2)cc1F,-0.698970004
COc1cc2nc(N3CCN(C(=O)c4ccco4)CC3)nc(N)c2cc1OC,1.334252642
O=C(O)c1ccc(-c2ccc(Cl)c(C(=O)NCC34CC5CC(CC(C5)C3)C4)c2)cc1,-0.13076828
CC(C)c1nc(CN(C)C(=O)NC(C(=O)N[C@@H](Cc2ccccc2)C[C@H](O)[C@H](Cc2ccccc2)NC(=O)OCc2cncs2)C(C)C)cs1,0.515873844
NC1C2CN(c3nc4c(cc3F)c(=O)c(C(=O)O)cn4-c3ccc(F)cc3F)CC12,0.922206277
O=C(O)C(Cc1ccccc1)N1CCC(CN2CCC(Oc3ccc(Cl)c(Cl)c3)CC2)CC1,1.262213705
COc1ccc(Cl)cc1C1(F)C(=O)Nc2cc(C(F)(F)F)ccc21,-0.823908741
COc1cc2ncnc(Nc3cccc(O)c3)c2cc1OC,0.650307523
Nc1ncnc2c1c(-c1ccc(Oc3ccccc3)cc1)nn2[C@@H]1CCCNC1,0.846275242
C[C@@H](Oc1cc(-c2cnn(C3CCNCC3)c2)cnc1N)c1c(Cl)ccc(F)c1Cl,0.650307523
CC1=C(CC(=O)NCc2ccc(C(=N)N)cc2)C(=O)N(NS(=O)(=O)c2c(C)cccc2Cl)CC1,1.73255458
Fc1ccc([C@@H]2CCNC[C@H]2COc2ccc3c(c2)OCO3)cc1,0.725911632
O=C(O)C[C@H](O)C[C@H](O)/C=C/c1c(C2CC2)nc2ccccc2c1-c1ccc(F)cc1,-0.193820026
Nc1nc2cc(C(=O)c3ccccc3)ccc2[nH]1,0.866877814
Cn1cc(-c2ccncc2)c(-c2ccc(OCc3ccc4ccccc4n3)cc2)n1,-0.769551079
CN(C)CCCN1c2ccccc2CCc2ccccc21,1.237543738
CCNC(=O)C[C@@H]1N=C(c2ccc(Cl)cc2)c2cc(OC)ccc2-n2c(C)nnc21,1.496514519
CC(C)(C)NC(=O)C1C[C@@H]2CCCC[C@@H]2CN1C[C@@H](O)[C@H](Cc1ccccc1)NC(=O)C(CC(N)=O)NC(=O)c1ccc2ccccc2n1,-0.318758763
O=C(CCCN1CC[Si](O)(c2ccc(Cl)cc2)CC1)c1ccc(F)cc1,0.7355989
COc1ccccc1CCNCc1cccc(CCNC[C@H](O)c2ccc(O)c3[nH]c(=O)sc23)c1,0.922206277
Nc1nc2ccc(F)cc2s1,1.395850376
CN1CCc2cc(Cl)c(O)cc2C(c2ccccc2)C1,1.229425848
O=C(NCc1ccccn1)c1cc(-c2ccccc2)nc2ccccc12,0.301029996
C[S+]([O-])Cc1ccc(C(=O)Nc2ccc(OCCOCCO)nc2C(=O)NCC2CCC2)c2ccccc12,0.53529412
O=C(NCC12CC3CC(CC(C3)C1)C2)c1cc(CN2CCNCC2)ccc1Cl,0.792391689
CC(C)C(NC(=O)c1ccccc1)C(=O)c1ccc(C#N)cc1,1.092720645
CN(C)N(C)C(=O)[C@@]1(Cc2ccccc2)CCCN(C(=O)C(Cc2c[nH]c3ccccc23)NC(=O)C(C)(C)N)C1,1.204119983
COc1cccc2sc(NC(=O)c3ccccc3)nc12,0.004321374
CCOc1cc(CN2CCC(NC(=O)c3cncc(C)c3)CC2)cc(OCC)c1-c1ccc(F)cc1,0.075546961
CCN(CCO)C(=O)c1oc2cccnc2c1-c1cccc(C(F)(F)F)c1,1.144574208
CC(C)Oc1cc(Nc2nc(N[C@@H](C)c3ccc(F)cc3)nc(NC(CO)CO)c2Cl)[nH]n1,0.631443769
COc1cc(Nc2nc3c(cc2F)ncn3[C@@H](CO)c2ccc(F)cn2)[nH]n1,1.562649672
CC(C(=O)O[C@@H]1CC[N+](C)(C)C1)(c1ccccc1)C1CCCC1,1.475671188
CC(C)(C)OC(=O)NC[C@H]1CC[C@H](CNC(=O)c2cc(-c3ccc(CN)cc3)nc3ccccc23)CC1,0.1430148
CCCn1c(=O)[nH]c2[nH]c(-c3ccc(S(=O)(=O)N4CCN(Cc5ccc(Cl)cc5)CC4)cc3)nc2c1=O,-1.22184875
CCC1(C2=NCCN2)Cc2ccccc2O1,1.880642126
CC(C)(C)NS(=O)(=O)c1cncc(-c2ccc3nc(NC(=O)NCC(=O)N4CCCC4)nn3c2)c1,1.365300749
CC(C)(Oc1ccc(-c2cnc(N)c(-c3ccc(Cl)cc3)c2)cc1)C(=O)O,-1.403402904
CN(Cc1ccc(-c2ccccc2S(N)(=O)=O)cc1)C(=O)C1CCCC1C(=O)NCc1ccc(OC(F)(F)F)cc1,-0.522878745
Nc1cc(-c2cc(C(F)(F)F)ccc2Oc2cc(F)c(S(=O)(=O)Nc3ncns3)cc2Cl)ccn1,-0.455931956
Cc1ccc(S(=O)(=O)Nc2c(C(=O)NCc3ccccc3)cnn2-c2ccccc2)cc1,-0.180456064
CC(C)(C)NC(=O)NCCN1CCC(CO)(CNC(=O)c2cc(Cl)cc(Cl)c2)CC1,1.302763708
O=C(Nc1ccccc1)Nc1nc(-c2ccccc2)cs1,-1.301029996
COc1ccc(C2CNC(=O)C2)cc1OC1CCCC1,1.516931809
COCC(C)n1nc(C)c(C(=O)N[C@@H](C)C(C)(C)C)c1NS(=O)(=O)c1ccc(C)cc1,1.144574208
CC(C(=O)O)c1cccc(C(=O)c2ccccc2)c1,0.047274867
CCO/N=C/c1ccc(OCCC2CCN(c3ccc(C)nn3)CC2)cc1,-0.468521083
Cc1ccc(C)c(OCCCC(C)(C)C(=O)O)c1,0.184691431
C[C@]12Cc3cnn(-c4ccc(F)cc4)c3C=C1CC[C@@]2(O)CCc1ccc(F)cc1C(N)=O,-0.337242168
CC(Cc1ccccn1)n1c(O)c2ccccc2c1C(=O)NCc1ccc(OC(F)(F)F)cc1,0.563481085
O=C(NCc1cccc(F)c1)NC1CCN(Cc2ccn(-c3ccc(C(F)(F)F)cc3)c2)CC1,0.350248018
Cc1ccc(S(=O)(=O)NCCSc2nnnn2-c2ccc(C(N)=O)cc2)cc1,1.278524965
O=C(O)c1cc(O)cc(O)c1,1.915874503
CCCn1c(=O)[nH]c(=O)c2[nH]cnc21,1.326540669
CS(=O)(=O)c1ccc(-c2cc(C(F)(F)F)ccc2OCC(=O)O)c(Cl)c1,0.698100546
N#Cc1cc(F)c(NS(=O)(=O)c2c[nH]c3cc(Cl)ccc23)cc1F,-0.251811973
C=CCN(C)CCCCCCOc1ccc(C(=O)c2ccc(Br)cc2)c(F)c1,-1.22184875
Cc1nnc(-c2ccc(N3CCC(Oc4cc(F)ccc4Cl)CC3)nn2)o1,-0.086186148
Cc1ccc(-c2nc3ccccc3[nH]2)cc1NC(=O)c1ccc(OCc2ccccn2)cc1,0.725911632
COCCN(c1cccnc1)P(=O)(c1ccccc1)c1ccccc1,1.575187845
CCCCNC(=O)c1ccc(Oc2ccc(CC(=O)O)cc2OC)c(NS(=O)(=O)c2ccc(Cl)cc2Cl)c1,-0.721246399
O=c1[nH]ccc2c(S(=O)(=O)N3CCCNCC3)cccc12,1.990813743
O=C(CC12CC3CC(CC(C3)C1)C2)Nc1cccc2c(=O)n(C[C@H]3CCCN3)ccc12,1.178976947
COc1ccc(CC(C)(C)NC[C@H](O)c2cc(O)cc3c2OCC(=O)N3)cc1,1.646109522
CNCCCC12CCC(c3ccccc31)c1ccccc12,0.894316063
C[C@@](C(=O)OC1CC[N+](C)(C)CC1)(c1ccccc1)C1CCCC1,1.58759873
CCc1nc(C)cn2nc(-c3cc(=O)n4cc(C5CCN(C)CC5)cc(C)c4n3)cc12,0.593618308
COc1ccc2cc(S(=O)(=O)N[C@H](CC(=O)NC(Cc3ccc(CN4[C@H](C)CCC[C@@H]4C)cc3)C(=O)N(C)C(C)C)c3ccc4c(c3)OCO4)ccc2c1,0.650307523
CC(C)(C)C(O)C(=O)N1CCCC1C(=O)NCc1cc(Cl)ccc1CN,1.698970004
c1ccc([C@H]([C@@H](c2ccccc2)N2CCCC2)N2CCCC2)cc1,1.530199698
Cc1ncsc1C(=O)N1CCCCC1c1nc(N(C)C)ncc1-c1cccc(Cl)c1,0.021602716
O=C(CCCN1CCC(O)(c2cccc(C(F)(F)F)c2)CC1)c1ccc(F)cc1,1.039414119
Cc1ncsc1C(=O)N1CCCCC1c1nc(N)ncc1-c1cccc(C(F)(F)F)c1,0.86254877
Cc1ccc(S(=O)(=O)Nc2c(C(=O)N[C@@H](C)C(C)(C)C)c(C)nn2C2CCC2)cc1,0.320146286
CC1(CCCc2cc(=O)oc3[nH]c(=O)[nH]c(=O)c23)CC1,0.173186268
Cc1nn(C2CCCCC2)c(N)c1-c1ccccc1,1.003891166
Cc1ccc(Sc2ccccc2CN(C)C)c(N)c1,0.967547976
CCOC(=O)Nc1ccc(NCc2ccc(F)cc2)nc1N,1.342225229
COc1cc(NC(=O)Nc2cccc(CNC(=O)O[C@H]3CCOC3)c2)ccc1-c1cnco1,-0.055517328
CC(=O)NC[C@H]1CN(c2ccc(N3CCOCC3)c(F)c2)C(=O)O1,1.889973638
O=C(CCCc1ccc2cccnc2n1)NCc1cc(-c2ccc(F)c(C(F)(F)F)c2)no1,0.075546961
CC(C(=O)OC1CC[N+](C)(C)CC1)(c1ccccc1)N1CCC(F)(F)CC1,1.79518459
c1ccc2c(c1)CC(N1CCN(c3cccc4c3OCCO4)CC1)C2,0.631443769
CNC(=O)C1(Cc2ccc(-c3ccncc3)cc2)CCN(Cc2cccc(F)c2)C1,0.715167358
Nc1ncc(-c2cccc(C(F)(F)F)c2)c(C2CCCCN2C(=O)c2ccccc2)n1,0.137354111
N#CC[C@H](C1CCCC1)n1cc(-c2ncnc3[nH]ccc23)cn1,1.237543738
Cc1cc(CN2Cc3ccccc3C2C(=O)Nc2ccc(Cl)cc2Cl)ccc1OCC(=O)O,-0.853871964
COCCOC(=O)C1=C(C)N=C(C)C(C(=O)OC(C)C)C1c1cccc([N+](=O)[O-])c1,0.243038049
Cc1nn(-c2ccccc2)nc1C(=O)N[C@@H]1COc2cccc(N3CCN(C)CC3)c2C1,0.583198774
O=C(NC(Cc1ccc(Cl)cc1)C(=O)N1CCC(Cn2cncn2)(C2CCCCC2)CC1)C1Cc2ccccc2CN1,-0.283996656
O=C(c1ccccc1)N1CCC2(CCN(Cc3cccc(Cl)c3)CC2)CC1,1.220892249
CC(C)(C)NC(=O)C1CN(Cc2cccnc2)CCN1C[C@@H](O)CC(Cc1ccccc1)C(=O)N[C@H]1c2ccccc2C[C@H]1O,1.326540669
O=C(O)c1cccnc1,1.737113094
O=c1cc(N2CCOCC2)[nH]c(NCc2cccc3ccccc23)n1,0.399673721
CCC(CC)NC(=O)c1c(C)nn(C(C)C)c1NS(=O)(=O)c1ccc(C)cc1,0.949390007
O=S(=O)(Nc1ncns1)c1cc(F)c(Oc2ccc(Cl)cc2-c2ccnn2C2CNC2)cc1F,0.725911632
CN(Cc1cccc2ccccc12)c1cc(N2CCOCC2)[nH]c(=O)n1,-0.193820026
COc1ncc(-c2cccc(F)c2CCNC(=O)c2ccc(OCCC(F)(F)F)nc2)cn1,0.829946696
COc1cc(-n2cnc3cc(-c4ccc(Cl)cc4)sc3c2=O)ccc1OC[C@H](O)C1CC1,0.075546961
CC(=O)N1CCN(c2nc(C(F)(F)F)nc3sc(C)c(C)c23)CC1,0.624282096
COCc1c(-c2ccc(F)cc2)c(=CC[C@@H](O)C[C@@H](O)CC(=O)O)c(C(C)C)nc1=C(C)C,0.707570176
COc1cc(C(C)C)c(Oc2cnc(NC(CO)CO)nc2N)cc1I,0.447158031
CCc1nc2c(C)cc(N3CCN(CC(=O)N4CC(O)C4)CC3)cn2c1N(C)c1nc(-c2ccc(F)cc2)c(C#N)s1,-0.434152181
O=C(Nc1ccc(Cl)c(S(=O)(=O)N2CCNCC2)c1O)Nc1cccc(F)c1Cl,0.025305865
CCCN(c1cccc(C#N)c1)P(=O)(c1ccccc1)c1ccccc1,0.80140371
CS(=O)(=O)c1ccc(-c2cc(Cl)ccc2OCC(=O)O)c(Cl)c1,0.544068044
O=C(CC1CCN(Cc2ccn(-c3ccc(C(F)(F)F)cn3)c2)CC1)NC(c1ccc(F)cc1)c1ccc(F)cc1,-0.48148606
Cc1nccc(-c2cn(Cc3ccccc3)c3cnccc23)n1,1.207445854
N#Cc1cc(S(=O)(=O)Nc2ncns2)ccc1Oc1ccc(C(F)(F)F)cc1-c1ccnnc1,0.320146286
CCn1c(-c2nonc2N)nc2cnc(Oc3cccc(NC(=O)c4ccc(OCCN5CCOCC5)cc4)c3)cc21,-0.325138859
Cc1ccccc1CN1CCC(N2CCC(n3c(=O)[nH]c4ccccc43)CC2)CC1,1.475671188
COc1ccc(CCN2C(=O)N(NS(C)(=O)=O)C[C@H]2c2ccc(OC)cc2)cc1,0.754348336
CC1(C)CC(=O)C2C(=NC(=O)CC2c2ccc(Br)cc2)C1,0.944630702
C[C@@](C(=O)O[C@H]1C[N+]2(CCc3ccccc3)CCC1CC2)(c1ccccc1)N1CCCCC1,1.342225229
Cc1nn(-c2ccc(F)cc2)c(NS(=O)(=O)c2ccc(C#N)cc2)c1C(=O)N[C@@H](C)C(C)(C)C,0.903632516
O=C(c1cccc(N2Cc3cccc(Cl)c3C2=O)c1)N1CCC2(CC1)CCN(c1ccncc1)CC2,0.621176282
CC(C(=O)O)c1cccc(C(=O)c2ccccc2)c1,-0.193820026
COc1ccccc1Cn1c(O)c2ccccc2c1C(=O)NC1CCC(C)CC1,0.985875357
CN(C)CCC=C1c2ccccc2COc2ccccc21,1.310693312
O=C1CCc2ccc(OCCCCN3CCN(c4cccc(Cl)c4Cl)CC3)cc2N1,-1.045757491
O=C(O)c1cc(-c2ccc(F)cc2F)ccc1O,-0.744727495
NC(=O)C(c1ccccc1)(c1ccccc1)[C@@H]1CCN(CCc2ccc3c(c2)CCO3)C1,0.894316063
CC(C)c1ccc(NC(=O)Cn2cnc3c2c(=O)n(C)c(=O)n3C)cc1,1.092720645
Cc1cc(Nc2nc(N[C@@H](C)c3ncc(F)cn3)c(C#N)nc2C)[nH]n1,1.543322901
CCCNCC(O)COc1ccccc1C(=O)CCc1ccccc1,0.611723308
N[C@H]1CCN(c2c(Cl)cccc2/C=C2\SC(=O)NC2=O)C1,0.669316881
C[C@H](Cc1cccc(CC(=O)NC23CC4CC(CC(C4)C2)C3)c1)NC[C@H](O)c1ccc(O)c(CO)c1,1.127428778
O=c1[nH]c2c(O)ccc([C@@H](O)CN[C@H]3CCC[C@@H]3OCc3ccccc3)c2s1,1.254064453
COc1cccc2c1c(NS(=O)(=O)c1ccc(Cl)s1)nn2Cc1cccc(CNC(C)=O)c1,-0.552841969
N#C[C@@]1(NC(=O)C(N)Cc2cccs2)C[C@@H]1c1ccccc1,1.536810866
COc1cc(C(C)C)c(Oc2cnc(N)nc2N)cc1I,0.583198774
O=C(Nc1c(Cl)cncc1Cl)c1ccc(OC(F)F)c(OCC2CC2)c1,0.056904851
O=C(NCC1(O)CCCCCC1)c1cc(-n2ncc(=O)[nH]c2=O)ccc1Cl,1.110252917
CCOc1cc2ncc(C(N)=O)c(Nc3ccc(C)cc3F)c2cc1N1CCN(C)CC1,1.178976947
O=C(NCc1cccnc1OCC(F)(F)F)c1cncc(-c2ccc(Cl)cc2)c1,-0.886056648
O=C(O)COc1ccc(Cl)cc1CN1CCN(S(=O)(=O)c2ccccc2)CC1,1.118925753
Cc1nn(-c2ccc(F)cc2)c(NS(=O)(=O)c2ccc(C(F)(F)F)cc2)c1C(=O)N[C@@H](C)C(C)(C)C,0.46686762
CC(=O)N1CCN(c2nc(NC(C)(C)Cc3ccc(Cl)cc3)c3c(n2)C(=O)N(C(C)C)C3)CC1,0.583198774
N#Cc1ccc2ccc(=O)n(CCN3CC[C@H](NCc4cc5c(cn4)OCCO5)[C@H](O)C3)c2c1,1.865459323
C[C@@H]1c2nnn(-c3ncc(F)cn3)c2CCN1C(=O)c1cccc(C(F)(F)F)c1Cl,1.240049772
CC(=O)N[C@H](C)c1ccc(Nc2ncc3cc(-c4ccncc4)ccc3n2)cc1,0.725911632
NC(=O)c1cncc(-c2ccc([C@H]3CC[C@H](CCO)CC3)cc2)n1,0.113943352
CCC(CC)NC(=O)c1c(C)nn(-c2ccccc2)c1NS(=O)(=O)c1ccc(C)cc1,0.477121255
CC(NC(=O)C(Cc1c[nH]c2ccccc12)NC(=O)C(N)Cc1c[nH]cn1)C(=O)NC(Cc1c[nH]c2ccccc12)C(=O)NC(Cc1ccccc1)C(=O)NC(CCCCN)C(N)=O,1.418135498
COc1cc2nc(-c3cc(F)ccc3O)nc(N[C@@H]3CNC[C@H]3C(C)(C)O)c2cc1OC,0
CC/C(=C(\c1ccccc1)c1ccc(OCCN(C)C)cc1)c1ccccc1,-0.341988603
O=C(CO)N1CCC(c2[nH]nc(-c3ccc(Cl)cc3F)c2-c2ccncn2)CC1,1.510142699
CC(C)(O)CCn1cc2cc(NC(=O)c3cccc(C(F)(F)F)n3)c(C(C)(C)O)cc2n1,1.092264361
C[C@@H]1CN(C(=O)NC(Cc2ccc(F)cc2)C(=O)N2CCC(C(=O)NC(C)(C)C)(C3CCCCC3)CC2)C[C@H](C)N1,0.940516485
Clc1ccc2c(c1)C(N1CCNCC1)=Nc1ccccc1O2,1.003891166
COc1cc(F)ccc1-c1ncnc(Nc2cccc(CS(C)(=N)=O)c2)n1,1.574609941
Cc1c(Cl)ccc2cc3n(c12)[C@@H](C)CNC3=O,0.696793085
O=C(NC12CC3CC(CC(C3)C1)C2)OCCNC1CCCCC1,1.110252917
C[C@@H](NC(=O)Cc1ccc(C2CC2)cc1)c1ccc(OCC(F)(F)F)cn1,-0.356547324
COc1nc(C)nc(Cl)c1NC1=NCCN1,1.947384702
Nc1ncc(C(=O)NC2CN(C(=O)C3CC3)C2)c2ccc(-c3cccc(F)c3)nc12,0.38219721
CCC[C@H](CO)Nc1nc(S[C@@H](C)c2cccc(C#N)c2)nc2[nH]c(=O)sc12,-1.096910013
COc1ncc(-c2cccc(C#N)c2CCNC(=O)c2ccc(OCCC(F)(F)F)nc2)cn1,1.144574208
Nc1nc(=O)c2ncn(COCCO)c2[nH]1,1.850860573
Cc1nc(C(F)F)c(C(N)=O)nc1-c1ccc(C2CCC(CC(=O)O)CC2)cc1,0.583198774
COc1ccc(OC(F)(F)F)cc1CN[C@H]1CCCN[C@H]1c1ccccc1,0.967547976
C#CC(C)(CC)NC(=O)c1cc(F)cnc1NC1CC(F)(F)C1,0.850278553
Nc1nc(-c2nn(Cc3ccccc3F)c3ncccc23)nc(N)c1N1CCOCC1,1.066325925
O=C(CN1CCN(Cc2ccn(-c3ccc(C(F)(F)F)cn3)c2)CC1)NC(c1ccc(F)cc1)c1ccc(F)cc1,-0.958607315
O=C(NCc1ccc(OC(F)(F)F)cc1)c1c2ccccc2c(O)n1C1CCC(F)(F)CC1,0.53529412
Cc1ccc(C(=O)N2CCC(Cc3ccccc3-c3ccccc3)(C(=O)N(C)C)CC2)s1,-0.590066877
Cc1ccc(C(=O)c2ccc(CC(=O)O)n2C)cc1,0.457881897
CCOc1cc2ncc(C(N)=O)c(Nc3cccc(Cl)c3F)c2cc1N1CCN(C)CC1,1.127428778
O=C(NCCc1ccccc1)c1cc(-n2ncc(=O)[nH]c2=O)ccc1Cl,0.592176757
NC(=O)c1ccc(-n2nnnc2Oc2ccc(Br)cc2)cc1,0.940516485
CCCCc1nc2c(N)nc3ccccc3c2n1CC(C)C,0.487138375
O=C(Nc1cnccc1-c1ccc(Cl)cc1)c1ccnc(NC(=O)C2CC2)c1,0.847634344
CC1CN(C(=O)c2cccnc2N2CCOCC2)CC(c2ccccc2)O1,1.555686814
COc1nc2sc(C(=O)NC3CC3)c(N)c2c(C)c1Cl,0.452093249
C=CC(=O)N1CCC(CNc2ncnc(N)c2-c2ccc(Oc3ccccc3)cc2)CC1,0.901294817
O=C(c1ccc(OCCN2CCCCC2)cc1)c1c(-c2ccc(O)cc2)sc2cc(O)ccc12,-0.301029996
CCN(CCO)C(=O)c1cc2cccnn2c1-c1cccc(C(F)(F)F)c1,0.940516485
CC(C)(C)OC(=O)NC[C@H]1CC[C@H](CNC(=O)c2cc(-c3cccc(CN)c3)nc3ccccc23)CC1,0.23299611
O=c1[nH]c2c(O)ccc(CCNCCS(=O)(=O)CCCOCCc3ccccc3)c2s1,0.894316063
CN(C)C(=O)C1(Cc2ccccc2-c2cccc(F)c2)CCN(C(=O)C2CC=CCC2)CC1,0.142702246
O=C(Nc1ccccn1)c1ccc2[nH]c(-c3ccc(NC(=O)C45CC6CC(CC(C6)C4)C5)cc3)nc2c1,-0.522878745
O=C1CC2(CCCC2)CC(=O)N1CCCCN1CCN(c2ncccn2)CC1,1.395850376
CN1CCN(S(=O)(=O)c2ccc(-c3cnc(N)c(C(=O)Nc4cnccc4CN4CCCC4)n3)cc2)CC1,0.994756945
COc1ccccc1O[C@@H](c1ccccc1)[C@@H]1CNCCO1,1.885417765
N#Cc1ccccc1CC(C(=O)O)N1CCC(CN2CCC(Oc3ccc(Cl)c(Cl)c3)CC2)CC1,1.349860082
NC(=O)c1cc(C(N)=O)n(-c2cccc(-c3cc(C(F)(F)F)ccc3C(F)(F)F)c2)n1,0.754348336
O=c1cc(OCc2ccccc2)ccn1-c1ccc2c(cnn2CCN2CCCC2)c1,1.075181855
CC(C)NC(=O)COc1cccc(-c2nc(Nc3ccc4[nH]ncc4c3)c3ccccc3n2)c1,-0.504455662
O=C(c1ccc(Oc2ccccc2)cc1Cl)c1c[nH]c2ncnc(N[C@@H]3CC[C@@H](CO)OC3)c12,-0.295849483
O=C(Cc1ccc(F)c(C(F)(F)F)c1)Nc1cccc2c(=O)n([C@@H]3CNC[C@H]3O)ccc12,0.976808337
CCCN1CCCCC1C(=O)Nc1c(C)cccc1C,1.708845638
CCC[C@@H](CNC(=O)c1nc(Cl)c(N)nc1N)[N+](C)(C)CCCc1ccc(OC)cc1,1.657151502
COc1ccccc1-c1cc(NC(=O)c2cccc(N3CCNC3=O)c2)[nH]n1,-0.742321425
C[N+]1(C)CCC(OC(=O)C(O)(c2ccccc2)C2CCCC2)C1,1.833338389
Nc1ncnc2c1c(-c1cnc3[nH]ccc3c1)nn2C1CCCC1,0.780605306
O=C(Cc1ccccc1)Nc1nnc(CCSCCc2nnc(NC(=O)Cc3ccccc3)s2)s1,-0.37675071
C[C@]12CCC(=O)C=C1C=CC1[C@@H]2CC[C@@]2(C)[C@H]1CC[C@@]21CCC(=O)O1,0.583198774
Cc1ccc(NC(=O)c2cccc(N3CCOCC3)c2)cc1-n1cnc2ccc(N3CCN(C)CC3)cc2c1=O,1.012837225
CN(CCCOCCOCCc1ccccc1)CCc1ccc(O)c2[nH]c(=O)sc12,1.380753771
COc1cnc(-c2c(C)ccc(F)c2CCNC(=O)c2ccc(COCC(F)(F)F)nc2)cn1,0.994756945
COc1nn(C)cc1C(=O)Nc1cccc(-c2cnc3n2CCC3)c1,0.685562611
Cc1ccsc1C(=CCCN1CCCC(C(=O)O)C1)c1sccc1C,0.922206277
Cn1c(=O)c2[nH]cnc2n(C)c1=O,1.754806855
C=CC(=O)Nc1cccc(Oc2nc(Nc3ccc(N4CCN(C)CC4)c(F)c3)nc3[nH]ccc23)c1,-0.139063379
Cc1ccc2c(c1)c(-c1ccnc3c(Cl)cccc13)c(C)n2CC(=O)O,-0.113509275
OCCN1CCN(CCCN2c3ccccc3Sc3ccc(C(F)(F)F)cc32)CC1,0.075546961
CCCN(c1ccon1)P(=O)(c1ccccc1)c1ccccc1,1.178976947
COc1ccc(NC(=O)c2ccc(C[S+](C)[O-])c3ccccc23)c(C(=O)NCC2CCOCC2)n1,0.640481437
N#CC[C@H](C1CCCC1)n1cc(-c2ncnc3[nH]ccc23)cn1,1.244598701
CC(C)(N)C(=O)NC(COCc1ccc(F)cc1F)C(=O)N1CCC2=NN(CC(F)(F)F)C(=O)[C@]2(Cc2ccccn2)C1,1.708845638
O=C(CN1CCN(CCC2CCOCC2)CC1)NC12CC3CC(CC(C3)C1)C2,1.593618308
NC(=O)N1c2ccccc2C=Cc2ccccc21,1.425534221
COc1cc2c(cc1OC)CC(=O)N(CCCN(C)C[C@H]1Cc3cc(OC)c(OC)cc31)CC2,1.615139594
CC(C(=O)O)c1cccc(Oc2ccccc2)c1,0.164352856
Cc1nc(C)c(-c2ccc(C3CCC(CC(N)=O)CC3)cc2)nc1C(N)=O,0.745074792
CN(C)S(=O)(=O)NC(=O)CCCc1c(-c2ccc(F)cc2)[nH]c2ccc(C#N)cc12,-0.37675071
O=c1cc(N2CCOCC2)[nH]c(NCc2cccc(Cl)c2)n1,0.678518379
O=C(c1c2ccccc2cc2ccccc12)N1CCC(N2CCCC(C(=O)N3CCOCC3)C2)CC1,1.425534221
CC(C)NCC(O)COc1ccc(CCOCC2CC2)cc1,1.611617111
Cc1nc2ccc(NS(=O)(=O)c3ccc4c(c3)OCCO4)cc2s1,-0.173925197
CNC(=O)C1(Cc2ccc(-c3cccnc3)cc2)CCN(Cc2cccc(F)c2)C1,0.531095547
O=C(O)CCc1ccc(NCc2cccc(Oc3ccccc3)c2)cc1,-0.283996656
OCCN1CCN(CCCN2c3ccccc3Sc3ccc(Cl)cc32)CC1,0.164352856
O=c1nc(N(CCO)Cc2cccc3ccccc23)cc(N2CCOCC2)[nH]1,1.178976947
CN1CCC(N2CCN(C(=O)C(NC(=O)c3ccc4cc[nH]c4c3)c3ccccc3)CC2)CC1,1.73255458
CC(C)NC[C@@H](O)COc1cccc2ccccc12,1.254064453
N#Cc1cccc(-c2cc(Cl)ccc2OCC(=O)O)c1,0.53529412
CC(C)NC[C@H](O)COc1cccc2ccccc12,1.310693312
COc1ccc(CCCN2CCN(c3cnn(C)c3)C(=O)C2)cc1F,1.308414999
O=C1NC(=O)C(c2cnc3ccccn23)=C1c1cn2c3c(cccc13)CN(C(=O)N1CCOCC1)CC2,1.057285644
Cc1nccnc1-c1ccc(CC(=O)N[C@H](C)c2ccc(OCC(F)(F)F)cn2)cc1,1.229425848
NCCCCC(NC(CCc1ccccc1)C(=O)O)C(=O)N1CCCC1C(=O)O,2
CCCc1cc(N2CCc3c(nc(C4CC4)n3C)C2)n2ncnc2n1,1.388207807
CCC(CC)NC(=O)c1cnn(-c2ccccn2)c1NS(=O)(=O)c1ccc(C)cc1,0.698100546
C[C@H](Nc1nc(Nc2cc(C3CC3)[nH]n2)c(F)cc1C#N)c1ccc(F)cc1,-0.698970004
O=S(=O)(N[C@H](CO)C(C(F)(F)F)C(F)(F)F)c1ccc(Cl)s1,1.039414119
[2H]C([2H])([2H])NC(=O)c1nnc(NC(=O)C2CC2)cc1Nc1cccc(-c2ncn(C)n2)c1OC,1.236577565
Cn1c(-c2cc(=O)c(O)c[nH]2)nn(S(=O)(=O)NC(=O)N2CC(NC(=O)C(=NOC(C)(C)C(=O)O)c3csc(N)n3)C2=O)c1=O,0.173186268
CC1(C)Cc2cc(NC(=O)c3cnn4cccnc34)c(OCC3CC3)nc2O1,0.38219721
Cn1cc(C(=O)NC[C@@H](O)CN2CCC(Oc3ccc(Cl)c(Cl)c3)CC2)c(C(F)(F)F)cc1=O,1.012837225
CN1CC[C@]23c4c5ccc(O)c4O[C@H]2[C@@H](O)C=C[C@H]3[C@H]1C5,1.917610526
CC(C)(C)NC(=O)CN1CCN(CC(=O)NC23CC4CC(CC(C4)C2)C3)CC1,1.489677292
CC(C)(C)NCC(O)c1ccc(O)c(CO)c1,1.816771412
Cc1nnc(CN(C)CC(C)Oc2ccc(Cl)c(Cl)c2)n1C,1.114444172
O=C(O)c1cn(C2CC2)c2cc(N3CCNCC3)c(F)cc2c1=O,1.754806855
COc1ccccc1Oc1c(NS(=O)(=O)c2ccc(C(C)(C)C)cc2)nc(-c2ncccn2)nc1OCCO,0.086359831
CC(=O)N1CCN(c2nc(N[C@H](C)c3ccc(OC(F)(F)F)cc3)c3c(n2)C(=O)N(C(C)C)C3)CC1,1.012837225
Cc1nc(C)c(-c2ccc(C3CCC(CCO)CC3)cc2)nc1C(N)=O,0.1430148
O=c1cc(N2CCOCC2)[nH]c(NCc2ccccc2)n1,1.278524965
OC[C@H](Nc1cncc(-c2ccc3[nH]ncc3n2)c1)c1ccccc1,1.024690862
CCOc1noc2cc(OCCC3CCN(c4ccc(C)nn4)CC3)ccc12,-0.823908741
Cc1c(F)cccc1NC(=O)CN1[C@H](Cc2ccccc2)C[C@]2(C)NC(=O)CCC[C@H]12,0.925312092
CC1(C)CNC(=O)c2sc(N3CCOCC3)nc2C1,1.713742478
CC(C)C(NC(=O)c1cc(Cl)ccc1C(F)(F)F)C(=O)c1ccc([N+](=O)[O-])cc1,0.380211242
COCCc1ccc(OCC(O)CNC(C)C)cc1,2
CN(c1ncc(F)cn1)C1CCCNC1,2
COc1ccc([C@H]2CN(C(C)=O)[C@@H]3CCCN(Cc4cccc(F)c4)[C@H]23)cc1,0.594060901
C=C[C@H]1CN2CC[C@H]1C[C@@H]2[C@@H](O)c1ccnc2ccc(OC)cc12,1.593618308
O=S(=O)(Nc1ccc2sc(CO)nc2c1)c1ccc(Br)cc1,-0.744727495
O=C(Nc1cccc2c(=O)cc(-c3nn[nH]n3)oc12)c1ccc(OCCCCc2ccccc2)cc1,0.77224834
Cn1c(C2CC2)nc2c1CCN(c1ncnc3ccsc13)C2,1.192985379
NC(=O)NC(=O)C(Nc1ccc2c(c1)CCC2)c1ccccc1,0.764176132
CCC(C)(C)C(=O)O[C@H]1C[C@@H](C)C=C2C=C[C@H](C)[C@H](CC[C@@H](O)C[C@@H](O)CC(=O)O)[C@H]21,0.380211242
CCn1c(=O)oc2cc(NC(=O)c3ccc(C(C)(C)C)cc3)ccc21,0.180412633
O=c1c(CC[S+]([O-])c2ccccc2)c(O)n(-c2ccccc2)n1-c1ccccc1,-0.638272164
Cc1ncc(-c2cccc3c2C[C@H](NC(=O)c2ccc(OCC(F)(F)F)nc2)CO3)cn1,0.88536122
COc1cc(Cc2cnc(N)nc2N)cc(OC)c1OC,1.855513099
CC(C)(C)OC(=O)NC[C@H]1CC[C@H](CNC(=O)c2cc(N3CCC(CCN)CC3)nc3ccccc23)CC1,0.506505032
O=C(O)CCc1nc(-c2ccccc2)c(-c2ccccc2)o1,-0.619788758
CCN1CCC[C@H]1CNC(=O)c1c(O)c(Cl)cc(Cl)c1OC,1.746089043
COC[C@@H](O)Cn1c(=O)cnn(-c2ccc(Cl)c(C(=O)NCC3(O)CCCCCC3)c2)c1=O,1.783689236
Cc1ccc(C(=O)NC2CC2)cc1-c1ccc(C(=O)NCC2CC2)nc1,0.949390007
CN1CCN(C(=O)c2cc3cc(Cl)ccc3[nH]2)CC1,1.357744325
COc1ccc(C2c3[nH]c4ccc(Cl)cc4c3CCN2C(=O)Oc2ccc(Cl)cc2)cc1,1.754608223
CC(C)Oc1cc(-n2cnc3ccc(N[C@@H](CO)c4ccc(F)cn4)nc32)[nH]n1,1.270445908
CN1C2CCC1CC(OC(c1ccccc1)c1ccccc1)C2,1.180842415
CC(C)Cn1cnc2c(N)nc3ccccc3c21,1.254064453
C[C@@H]1CCN(C(=O)CC#N)C[C@@H]1N(C)c1ncnc2[nH]ccc12,1.747124255
CC#Cc1cncc(-c2cccc(C3(C4CC4)N=C(C)C(=N)N3)c2)c1,0.80140371
COc1cc2nc(N3CCN(C(=O)c4ccco4)CC3)nc(N)c2cc1OC,1.371880249
COc1cnc(-c2ccccc2C(F)(F)CNC(=O)c2ccc(COCC(F)(F)F)nc2)cn1,0.725911632
Cn1cc(-c2cn3nccc3c(-c3cnn([C@]4(CC#N)C[C@@H](C#N)C4)c3)n2)cn1,1.364100521
Cc1c(OC2CCN(CC3CCN([C@@](C)(Cc4ccc(F)cc4)C(=O)O)CC3)CC2)ccc(Cl)c1Cl,0.876217841
COc1cc(-n2cnc3cc(-c4ccc(Cl)cc4)sc3c2=O)ccc1OCCN1CCCC1,-0.004364805
CCc1cc2c(cc1N1CCC(N3CCOCC3)CC1)C(C)(C)c1[nH]c3cc(C#N)ccc3c1C2=O,1.698970004
COc1ncc(-c2ccccc2C(F)(F)CNC(=O)c2ccc(COCC(F)(F)F)nc2)cn1,1.110252917
COc1ccc(CNC(=O)c2sc3nc(C)cc(C)c3c2N)cc1,-0.18243463
CN(CC(=O)NC1CC1)C(=O)c1ccc2c(c1)c1c(n2C)CCC(C2CCOCC2)C1,0.340444115
Cc1cn([C@H]2CCCN([C@H](CC(C)C)c3ccc(C(=O)O)c(Oc4cccc(Cl)c4)c3)C2)c(=O)[nH]c1=O,0.243038049
CN(C)CCN1CCN(c2cc(C(=O)NC[C@H]3CC[C@H](CNC(=O)OC(C)(C)C)CC3)c3ccccc3n2)CC1,0.754348336
Cc1cccc(/C=N/Nc2cc(N3CCOCC3)nc(OCCc3ccccn3)n2)c1,-0.27572413
O=c1cc(N2CCOCC2)[nH]c(NCc2cccc(Cl)c2Cl)n1,0.252853031
O=S(=O)(Nc1ncns1)c1cc(F)c(Oc2ccc(Cl)cc2-c2cn[nH]c2)cc1F,-1
CC(C)(C)OC(=O)N1CCN(c2ncc(OCc3ccncc3)cn2)CC1,0.553883027
COc1ccc(C2(C#N)CCC(C(=O)O)CC2)cc1OC1CCCC1,0.782472624
Cc1nocc1C(=O)Nc1ccc(-c2ccccc2OC(F)(F)F)c(N)n1,0.563481085
C[N+]1(C)[C@@H]2C[C@@H](OC(=O)C(O)(c3cccs3)c3cccs3)C[C@H]1[C@@H]1O[C@@H]12,1.718501689
CC1(C)C(=NC(=O)C(NOCc2cc(=O)c(O)cn2O)c2csc(N)n2)C(=O)N1OS(=O)(=O)O,1.092720645
Cc1ccccc1CC(C(=O)O)N1CCC(CN2CCC(Oc3ccc(Cl)c(Cl)c3)CC2)CC1,1.048441804
O=C(O)C(Cc1ccc(F)cc1)N1CCC(CN2CCC(Oc3ccc(Cl)c(Cl)c3)CC2)CC1,1.342225229
O=C(c1ccc(F)cc1)C1CCN(CCn2c(=O)[nH]c3ccccc3c2=O)CC1,-0.193820026
Cc1ccc(S(=O)(=O)Nc2c(C(=O)NC3CCCCC3C)c(C)nn2-c2ccccc2)cc1,0.350248018
C[C@H](CN(C(=O)c1ccc(C#N)cc1)c1ccccn1)N1CCN(c2cccc3c2OCCO3)CC1,1.254064453
C[C@H]1CN(Cc2cc(Cl)ccc2OCC(=O)O)CCN1C(=O)Cc1ccc(Cl)cc1,0.583198774
Nc1c(F)ccc2cnc(-n3ccc4ccncc43)cc12,0.631443769
N#Cc1ccc2ccc(=O)n(CCN3CC[C@@H](NCc4ccc5c(n4)NC(=O)CO5)[C@@H](F)C3)c2c1,1.454387467
COc1ccc(-c2nc(-c3ccccn3)no2)cc1,0.7355989
O=C1NCCN(C(=O)c2ccc3nccn3c2)C1c1ccccc1C(F)(F)F,1.801527189
COc1ccccc1C(=O)Nc1ccc2cc[nH]c2c1,0.571825249
CC(=O)N1CCN(c2nc(NCc3ccc(OC(F)(F)F)cc3)c3c(n2)C(=O)N(C(C)C)C3)CC1,1.178976947
COc1ccccc1N1CCN(CCN(C(=O)C2CCCCC2)c2ccccn2)CC1,1.31868927
Cc1onc(-c2ccccc2)c1C(=O)N(C)c1ccc(Cl)cc1,0.876217841
C[C@@](O)(C(=O)Nc1ccc(S(C)(=O)=O)cc1Cl)C(F)(F)F,1.204119983
O=C(NCc1ccc(OCC(F)(F)F)nc1)c1c2ccccc2c(O)n1CCc1ccccn1,1.568905415
CC(NC(=O)C(O)C(C)C)C(=O)NC1C(=O)N(C)CCc2ccccc21,1.898560645
CCNC(=O)C1O[C@@H](n2cnc3c(N)nc(NCCc4ccc(CCC(=O)O)cc4)nc32)[C@H](O)[C@@H]1O,1.003891166
COCCNCC(=O)NC12CC3CC(CC(C3)C1)C2,1.683677299
O=C(O)COc1ccc(Cl)cc1CN1CCN(S(=O)(=O)Cc2ccccc2)CC1,1.057285644
CCOc1cc2ncc(C(N)=O)c(Nc3cc(C)ccc3F)c2cc1N1CCN(C)CC1,1.030599722
C[C@@H]1CN(C(=O)C2CN(C(C)(C)C)C[C@H]2c2ccc(F)cc2F)C[C@H](C)[C@@]1(O)c1ccccc1,1.278524965
CC1CN=C(Nc2c(Cl)cccc2Cl)N1,1.806247827
O=c1[nH]c2c(O)ccc([C@@H](O)CNCCSCCCNCCc3cccc(Cl)c3Cl)c2s1,0.922206277
CC(C)(C)NC(=O)NCCN1CCCC(NC(=O)c2cc(Cl)cc(Cl)c2)C1,0.592176757
CC(C)(C)C(=O)N1CCC(Cc2ccc(-c3cccs3)cc2)(C(=O)N2CCCC2)CC1,0.008174184
CCOc1ccc(-n2c([C@@H](C)N(Cc3cccnc3)C(=O)Cc3ccc(C(F)(F)F)cc3)nc3ccccc3c2=O)cc1,0.164352856
CC(C)c1noc(C2CCN(c3ncnc(Nc4ccc(S(C)(=O)=O)cc4F)c3[N+](=O)[O-])CC2)n1,0.204119983
CC(O)(C#Cc1ccc2c(c1)N(c1nc(N)ncc1Cl)CC2)c1nccs1,0.275311355
N#Cc1ccc(CC(C(=O)O)N2CCC(CN3CCC(Oc4ccc(Cl)c(Cl)c4)CC3)CC2)cc1,0.985875357
C[N+](C)(Cc1ccc(NC(=O)c2ccc(Cl)c(Cl)c2)cc1)C1CCOCC1,1.58759873
Cc1ccc(NC(=O)CN2[C@H](Cc3ccccc3)C[C@]3(C)NC(=O)CCC[C@H]23)cc1F,0.360971884
Cc1ccc(S(=O)(=O)Nc2ccc3nc(C)oc3c2)cc1,0.707570176
COc1cccc([C@H](O)C2CCN(CCc3ccc(F)cc3)CC2)c1OC,1.813314059
Cc1cn([C@H]2CCCN([C@H](CC(C)(C)C)c3ccc(C(=O)O)c(Oc4cccc(Br)c4)c3)C2)c(=O)[nH]c1=O,0.173186268
O=C(O)Cc1cn(-c2ccccc2)nc1-c1ccc(Cl)cc1,-0.744727495
CC(C)(C)OC(=O)NC[C@H]1CC[C@H](CNC(=O)c2cc(N3CCC(CCO)CC3)nc3ccccc23)CC1,-0.004364805
CC1=NC(=O)NC(c2cccs2)C1C(=O)OCc1ccccc1,0.23299611
CCS(=O)(=O)N1CC(CC#N)(n2cc(-c3ncnc4[nH]ccc34)cn2)C1,2
CCC(=O)O[C@]1(C(=O)SCF)[C@H](C)C[C@H]2[C@@H]3C[C@H](F)C4=CC(=O)C=C[C@]4(C)[C@@]3(F)[C@@H](O)C[C@@]21C,0.184691431
CCN1CCC[C@H]1CNC(=O)c1cc(Br)cc(OC)c1OC,1.845718018
COCCNCc1cccc(CCNC[C@H](O)c2ccc(O)c3[nH]c(=O)sc23)c1,1.294686624
CCC(CC)NC(=O)c1cn(-c2ccccc2)nc1NS(=O)(=O)c1ccc(C)cc1,-0.48148606
CNc1cc(Nc2cccn(-c3ccccn3)c2=O)nn2c(C(=O)N[C@@H]3C[C@@H]3F)cnc12,0.51851394
Cn1c(=O)c2c(ncn2C)n(C)c1=O,1.936111432
CC(C)(Oc1ccc(Cl)cc1)C(=O)N1CCN(c2ccccn2)CC1,-0.036212173
CSCCC(NC(=O)c1ccccc1)c1nc2ccccc2n1Cc1ccc(C#N)cc1,0.389166084
Cc1sc2c(c1C)C(c1ccc(Cl)cc1)=N[C@@H](CC(=O)OC(C)(C)C)c1nnc(C)n1-2,0.184691431
CCCNC(=O)NS(=O)(=O)c1ccc(Cl)cc1,0.628286731
CC(C)(C)OC(=O)N1CCCC1C(=O)N1CCC(C(=O)NC(Cc2c[nH]c3ccccc23)C(=O)O)CC1,1.842553077
CCc1cnn2c(NCc3ccc[n+]([O-])c3)cc(N3CCCC[C@H]3CCO)nc12,1.245759356
N=C(N)c1ccc2[nH]c(-c3[nH]nc(-c4ccccc4)c3O)nc2c1,1.075181855
CN1C(N)=N[C@](C)(c2cc(NC(=O)c3ccc(F)cn3)ccc2F)CS1(=O)=O,1.491417728
N#Cc1ccc(COc2cccc(C3CCN(Cc4nc5ccc(C(=O)O)cc5n4CC4CCO4)CC3)n2)c(F)c1,0.312177356
Cc1ccccc1Nc1nc(N)nc(C)c1Br,0.876217841
CNc1ccc(-c2nc3ccc(O)cc3s2)cc1,0.26245109
O=C1Nc2nc(-c3c(O)cccc3OCC3CC3)cc(C3CCCNC3)c2CO1,1.092720645
Clc1ccc(OCc2cn3ccccc3n2)c2ncccc12,-0.15490196
O=C(NCC12CC3CC(CC(C3)C1)C2)c1cc(-n2ncc(=O)[nH]c2=O)ccc1Cl,0.23299611
CC(=O)Nc1cccc(Nc2ncnc(N3CCC(OCc4ccc(OC(F)(F)F)cc4)CC3)n2)c1C,-0.022276395
O=C(O)Cc1ccccc1Nc1c(Cl)cccc1Cl,-0.142667504
c1ccc([C@@H]([C@H](c2ccccc2)N2CCCCC2)N2CCCCC2)cc1,1.503382063
Cc1nccc(-c2ccc(-c3[nH]c4ccncc4c(=O)c3C#N)cc2)c1Cl,-0.853871964
O=C(NCc1ccc(F)c(OC(F)(F)F)c1)c1c2ccccc2c(O)n1CCc1ncc(F)cn1,0.994756945
CCC(CC)NC(=O)c1cnn(-c2ccccc2)c1NS(=O)(=O)c1ccc(C)cc1,0.369215857
Cc1ccc(NC(=O)c2cccc(C(C)(C)C#N)c2)cc1Nc1ccc2ncn(C)c(=O)c2c1,1.698970004
CC(C)(C)S(=O)(=O)CCCN1CCN(CC(=O)NC23CC4CC(CC(C4)C2)C3)CC1,1.489677292
Nc1[nH]ncc1-c1cc(C(F)(F)F)ccc1Oc1cc(F)c(S(=O)(=O)Nc2cscn2)cc1Cl,-0.142667504
Fc1ccc(-c2ccc3c(c2)[nH]c2ccncc23)cn1,0.640978057
N=C(N)NC(=O)c1nc(Cl)c(N)nc1N,1.836513999
Cc1ccc(-c2ccc3c(ccc4sc5c(c43)NC[C@@H](C)NC5=O)n2)cn1,0.056904851
CN(C)CCC1CCN(c2cc(C(=O)NC[C@H]3CC[C@H](COC(=O)NC(C)(C)C)CC3)c3ccccc3n2)CC1,0.515873844
COc1cccc2c1c(NS(=O)(=O)c1ccc(Cl)s1)nn2Cc1cccc(CNC(=O)C2COCCN2)c1,-0.283996656
COc1ccccc1OCCNCC(O)COc1cccc2[nH]c3ccccc3c12,0.418301291
Cc1c(C(=O)NCCCN(C)C)sc2ncnc(Nc3ccc(F)cc3OC(C)C)c12,0.966376423
CC(=O)CC(c1ccccc1)c1c(O)c2ccccc2oc1=O,-0.102372909
O=C(CC(c1ccccc1)c1ccccc1)N1CCN(C(c2ccccc2)c2ccccc2)CC1,1.698970004
Cc1nc(C(F)(F)F)ccc1C(=O)Nc1ccc(Cl)c(-c2nc3ccccc3[nH]2)c1,0.976808337
COc1nc(Br)cnc1NS(=O)(=O)c1ccc(Cl)s1,-0.698970004
O=C(NC1CC1)c1cn(-c2cccc(C#Cc3cccnc3)c2)c2ncccc2c1=O,-0.086186148
CCN1CCN(C(=O)NC(C(=O)NC2C(=O)N3C(C(=O)O)=C(CSc4nnnn4C)CS[C@H]23)c2ccc(O)cc2)C(=O)C1=O,1.489677292
Cc1ccc(S(=O)(=O)Nc2c(C(=O)NC3CCCCC3)c(C)nn2-c2ccccc2)cc1,0.330413773
COC[C@H](C)Oc1cc(O[C@@H](C)Cc2ccccc2)cc(C(=O)Nc2ccc(C(=O)O)cn2)c1,-0.37675071
CC(C)(C)C(NC(=O)c1ccccc1)C(=O)c1ccc(Cl)cc1,-0.091514981
Cc1ccc(S(=O)(=O)Nc2c(C(=O)N[C@@H](C)C(C)(C)C)c(C)nn2CC(F)(F)F)cc1,0.437750563
Oc1ccc2cc(CNCCc3ccc(Br)cc3)c(-c3ccsc3)nc2c1,-0.522878745
Cc1ccc(S(=O)(=O)Nc2c(C(=O)N[C@H](C)C(C)(C)C)c(C)nn2-c2ccccc2)cc1,0.572871602
C[S+]([O-])Cc1ccc(C(=O)Nc2nccnc2C(=O)NCC2CCC2)c2ccccc12,0.994756945
Cc1ncsc1C(=O)N(Cc1cc(=O)[nH]c2c(F)cccc12)c1cccc(Cl)c1,0.922206277
COc1cnc(-c2cccc(F)c2C(F)(F)CNC(=O)c2ccc(COCC(F)(F)F)nc2)cn1,0.6599162
CC(C)(Cc1cccc(CC(=O)NCc2cccc(-c3ccc(O)cc3)c2)c1)NC[C@H](O)c1ccc(O)c(NS(C)(=O)=O)c1,0.912753304
O=C(Nc1cccc(-c2nncn2C2CC2)c1)c1cc(-n2cnc(C3CC3)c2)ccn1,0.611935625
C[C@H]1CN(c2cc(N(CCO)Cc3cccc4ccccc34)[nH]c(=O)n2)CCO1,0.976808337
CC(=O)Nc1ncc(CN2CCCCC2C)s1,1.923109252
c1ccc2[nH]c(CCc3nc4ccccc4[nH]3)nc2c1,1.302763708
COc1ccccc1-c1csc(-n2ncc(C#N)c2N)n1,1.723291446
O=C1NCCSc2c1sc1ccc(O)cc21,1.164679941
Cc1nc2n(c(=O)c1CCN1CCC(c3noc4cc(F)ccc34)CC1)CCCC2,0.7355989
O=C(NCCc1ccc(Cl)cc1)c1cccnc1,0.931457871
CC(C)c1nc2ccccc2n1-c1nc(N2CCOCC2)c2nc(OC3CN(C4CCS(=O)(=O)CC4)C3)n(C)c2n1,1.342225229
O=C(Nc1ccccc1F)NC1N=C(c2ccccc2)c2ccccc2NC1=O,0.437750563
CCN(CC)CCNC(=O)c1ccc(NS(C)(=O)=O)cc1,1.953807998
CNC(=O)c1ccc(Oc2ccc3c(c2)CCN(C2CCC2)CC3)nc1,1.718501689
CC(C)(C)OC(=O)N1CCC(OCc2nc(-c3ccncc3)no2)CC1,0.876217841
O=C(Cc1ccc(Cl)c(C(F)(F)F)c1)Nc1cccc2c(=O)n(CCO)ccc12,0.857332496
NCCN1CCN(C/C=C/C(=O)N2CCC[C@@H](n3nc(-c4ccc(Oc5ccccc5)cc4)c4c(N)ncnc43)C2)CC1,0.686814955
c1ccc([C@H]([C@@H](c2ccccc2)N2CCCCC2)N2CCCCC2)cc1,1.562649672
NC(=O)c1cncc(-c2ccc([C@H]3CC[C@H](CC(=O)O)CC3)cc2)n1,-0.200659451
N[C@@H](CC(=O)N1CCn2c(nnc2C(F)(F)F)C1)Cc1cc(F)c(F)cc1F,1.892150278
COCC(=O)N1CCC(Cc2ccccc2-c2cccc(F)c2)(C(=O)NC(C)C)CC1,1.076967952
Cc1ccc(S(=O)(=O)Nc2c(C(=O)NC(C)C(C)(C)C)c(C)nn2-c2ccccc2)cc1,0.6599162
CN(C)C(=O)C1(Cc2ccccc2-c2ccccc2)CCN(C(=O)c2cnn(C)c2)CC1,1.146840934
Cc1ccc(S(=O)(=O)Nc2c(C(=O)NCC(C)(C)C)c(C)nn2-c2ccccc2)cc1,0.525044807
CC(C)NCC(O)COc1cccc2[nH]ccc12,1.767526899
CC#CC(=O)N1CC[C@@H](n2c(=O)n(-c3ccc(Oc4ccccc4)cc3)c3c(N)ncnc32)C1,0.669595781
CN(C)CCOc1cc(NS(=O)(=O)c2c(Cl)cc(C(F)(F)F)cc2Cl)ccc1Cl,-0.619788758
O=C(CCCN1CC[Si](O)(c2cccc(C(F)(F)F)c2)CC1)c1ccc(F)cc1,0.650307523
CCN(CC)CCN1C(=O)[C@@](O)(c2ccccc2Cl)c2c1cc(C(N)=O)cc2C(F)(F)F,1.326540669
CN(C)C(=O)C1(Cc2ccccc2-c2ccccc2)CCN(C(=O)C2CCCO2)CC1,1.265713811
CCN(C(=O)c1cnn(-c2ccccc2)c1NS(=O)(=O)c1ccc(-c2cnco2)cc1)C1CCCCC1,-0.244125144
Cc1nn(-c2ccccc2)c(NS(=O)(=O)c2cccc(CN3CCOCC3)c2)c1C(=O)N[C@@H](C)C(C)(C)C,1.204119983
CNC(=O)C1(Cc2ccc(-c3cccnc3)cc2)CCN(Cc2ccc(F)cc2)C1,0.918868743
c1cncc(Nc2ncc(-c3ccncn3)c(-c3ccco3)n2)c1,1.144574208
CNC(=O)C1(Cc2ccc(-c3cccnc3)cc2)CCN(Cc2ccccc2Cl)C1,0.273695588
Cc1nc(C)c(-c2ccc(C3CCC(CC(=O)NS(C)(=O)=O)CC3)cc2)nc1C(N)=O,0.506505032
COc1cc2c(cc1OC)C(=O)C(CC1CCN(Cc3ccccc3)CC1)C2,1.530199698
Cc1c[nH]c2nccc(Oc3c(F)cc(Nc4cc(Cl)nc(N)n4)cc3F)c12,-0.68613278
COc1ccc(CNC(=O)Nc2ncc([N+](=O)[O-])s2)cc1,0.033423755
O=C(NCc1ccc(F)c(C(F)(F)F)c1)c1c2ccccc2c(O)n1CCc1ncc(F)cn1,1.110252917
COCCC(C)n1nc(C)c(C(=O)N[C@@H](C)C(C)(C)C)c1NS(=O)(=O)c1ccc(C)cc1,1.440121603
CCCN(c1cccc(S(C)(=O)=O)c1)P(=O)(c1ccccc1)c1ccccc1,1.270445908
CN1C(=O)CN=C(c2ccccc2)c2cc(Cl)ccc21,1.092720645
O=S(=O)(c1cccc2cnccc12)N1CCCNCC1,1.844321821
COc1ccc(C[C@@H](C)NC[C@H](O)c2ccc(O)c(NC=O)c2)cc1,1.593618308
COC(=O)N[C@@H](C)C#Cc1cnc(Oc2ccc(OC(C)C)cc2)s1,-0.292429824
O=C1CN(c2ccc(Nc3nccc(C(F)(F)F)n3)cn2)CCN1,1.433497815
Cc1cc(-c2ccc(Cl)c(C(=O)NCC3(O)CCCCCC3)c2)nn1C[C@H](O)CN,1.489677292
Cc1nc(C(C)C)c(C(N)=O)nc1-c1ccc(C2CCC(CC(=O)O)CC2)cc1,0.075546961
CCC1=C(C)CN(C(=O)NCCc2ccc(S(=O)(=O)NC(=O)N[C@H]3CC[C@H](C)CC3)cc2)C1=O,-1.638272164
Cc1cc(F)ccc1-n1nc(C(F)(F)F)cc1-c1ccc2c(c1)NC(=O)CO2,1.278524965
CCCCNC(=O)NS(=O)(=O)c1ccc(C)cc1,0.440121603
C[C@H](Nc1ncc(Cl)c(Nc2cc(C3CC3)[nH]n2)n1)c1ccc(F)cn1,-0.045757491
O=C(Cn1c(Cl)cnc(NCC(F)(F)c2ccccn2)c1=O)NCc1ncccc1F,1.31868927
CC(C)(F)CC(N[C@@H](c1ccc(-c2ccc(S(C)(=O)=O)cc2)cc1)C(F)(F)F)C(=O)NC1(C#N)CC1,0.563481085
CCOC(=O)C1=C(C)N=C(C)C(C(=O)OC)[C@@H]1c1cccc(Cl)c1Cl,-1.22184875
COc1cc2nnc(C(N)=O)c(Nc3ccc(F)cc3F)c2cc1N1CCN(C)CC1,1.195899652
CC(C)N=c1cc2n(-c3ccc(Cl)cc3)c3ccccc3nc-2cc1Nc1ccc(Cl)cc1,-0.431798276
COc1ccc(S(=O)(=O)N2CC(C)N(S(=O)(=O)c3ccc(OC)cc3)CC2C)cc1,0.1430148
C[C@H](c1nc2ncccc2c(=O)n1-c1ccc(Cl)cc1)N(CC1CCS(=O)(=O)CC1)C(=O)Cc1ccc(C(F)(F)F)c(F)c1,1.003891166
CC(C)Oc1cc(Nc2nc3c(cc2F)ncn3[C@@H](CO)c2ccc(F)cn2)[nH]n1,1.075181855
Nc1nc(-c2ccccc2)c(Cl)c(=O)[nH]1,0.820201459
CN(C)CCC=C1c2ccccc2C=Cc2ccccc21,1.066325925
Cc1onc(-c2c(Cl)cccc2Cl)c1CC(=O)NCc1ccc(OCC(F)(F)F)nc1,0.6599162
CN1CCN(C2=Nc3cc(Cl)ccc3Nc3ccccc32)CC1,0.810904281
C[C@@H]1C[C@H]2[C@@H]3CC=C4CC(=O)C=C[C@]4(C)[C@@]3(Cl)[C@@H](O)C[C@]2(C)[C@@]1(OC(=O)c1ccco1)C(=O)CCl,-1
Cc1ccccc1-n1c(Cn2cnc3c(N)ncnc32)nc2cccc(C)c2c1=O,1.380753771
N#Cc1c(-c2ccccc2)[nH]c(N)nc1=O,0.563481085
CCCCNc1cc(C(=O)O)cc(S(N)(=O)=O)c1Oc1ccccc1,0.563481085
c1ccc([C@@H]([C@H](c2ccccc2)N2CCCC2)N2CCCC2)cc1,1.516931809
CS(=O)(=O)Nc1ccc2[nH]c(Cc3ccc(Oc4ccccc4)cc3)nc2c1,-0.214670165
Clc1ccc2c(c1)CCc1cccnc1C2=C1CCNCC1,1.161966616
CN(C)CCC1CCN(c2cc(C(=O)NC[C@H]3CC[C@H](CNC(=O)OC4CCOCC4)CC3)c3ccccc3n2)CC1,1.418135498
CC(C)NCC(O)COc1ccc(COCCOC(C)C)cc1,1.885417765
CC1=NC(c2cccc(-c3cncc(Cl)c3)c2)(C2CC2)N=C1N,1.003891166
CNCCC=C1c2ccccc2CCc2ccccc21,1.118925753
Nc1[nH]ncc1-c1cc(Cl)ccc1Oc1cc(F)c(S(=O)(=O)Nc2cscn2)cc1Cl,-0.259637311
COc1ccccc1CN(C(C)=O)c1cnccc1Oc1ccccc1,1.003891166
O=C(N[C@@H]1COc2cccc(-c3ccc(CO)nc3)c2C1)c1ccc(OCC(F)(F)F)nc1,0.876217841
Cc1nc(C(C)C)c(-c2ccc(C3CCC(CC(=O)O)CC3)cc2)nc1C(N)=O,0.075546961
CC(C)C(NC(=O)c1ccccc1)C(=O)c1ccc(F)cc1,0.922206277
Cc1cc(N2CCCC2C(=O)NCCc2ccc3c(c2)OCO3)nc(-n2ccnc2)n1,1.342225229
Cc1cc(N2CCCC2c2cc(CCC(=O)O)cc(C)n2)ncn1,2
CCc1cc(C(N)=S)ccn1,1.73255458
O=C(NCc1ccc(OC(F)(F)F)cc1)c1c2ccccc2c(O)n1CCc1ncc(F)cn1,0.967547976
C=CC(=O)N1C[C@H](Nc2ncnc3[nH]ccc23)CC[C@@H]1C,1.74597993
CCNC(=O)C1CC(F)(c2ccc(CN3CCCC3)c(F)c2)C1,1.887673552
CCOc1ccc([C@@H](C)Nc2nc(N3CCN(C(C)=O)CC3)nc3c2CN(C(C)C)C3=O)cc1,1.334252642
COc1cc2nnc(C(N)=O)c(Nc3ccc(C)cc3F)c2cc1N1CCN(C)CC1,0.838849091
CNC1(c2ccccc2Cl)CCCCC1=O,1.741624258
Fc1ccc(-c2cc(C(F)(F)F)nc(-n3cc(Cl)cn3)n2)cc1,-0.318758763
O=C(NCC1CCCCN1)c1cc(OCC(F)(F)F)ccc1OCC(F)(F)F,1.72794771
CC(O)(C(=O)Nc1ccc(S(=O)(=O)N2CCOCC2)cc1)C(F)(F)F,1.178976947
CC(C)(C)CS(=O)(=O)NCCN1CCN(CC(=O)NC23CC4CC(CC(C4)C2)C3)CC1,1.110252917
Cc1nc(-c2c(F)cc(Cl)cc2-c2cnc([C@@H](C)NC(=O)[C@@](C)(O)C(F)(F)F)c(F)c2)no1,0.553883027
COc1ccccc1CCNCc1ccc(CCNC[C@H](O)c2ccc(O)c3[nH]c(=O)sc23)cc1,0.782472624
Cc1c(Cl)ccc(OC2CCN(CC3CCN(C(Cc4ccc(F)cc4)C(=O)O)CC3)CC2)c1Cl,1.365300749
COc1nn(C)cc1C(=O)Nc1cccc2cnccc12,1.58945809
CO[C@H]1CC[C@]2(CC1)Cc1ccc(-c3cncc(Br)c3)cc1C21N=C(C)C(=N)N1,0.820201459
c1nc(Cc2ccsc2)c[nH]1,1.568905415
COc1ccc(S(=O)(=O)N2CCC(N3CCC(C)CC3)CC2)cc1,1.626076768
O=C1N(c2ccccc2)c2ccccc2C1(Cc1ccncc1)Cc1ccncc1,1.003891166
CC1(C)CC(Oc2ccc(-c3ccc(-c4cn[nH]c4)cc3O)nn2)CC(C)(C)N1,1.241969612
COc1ccc(Cl)cc1C(=O)NCCc1ccc(S(=O)(=O)NC(=O)NC2CCCCC2)cc1,-0.920818754
Cc1cc(C(C)Nc2ccccc2)c2nc(N3CCOCC3)cc(=O)n2c1,0.669316881
COc1cc([C@@H]2c3cc4c(cc3C(O[C@@H]3O[C@@H]5CO[C@@H](C)O[C@H]5[C@H](O)[C@H]3O)C3COC(=O)C32)OCO4)cc(OC)c1O,1.326540669
Cc1nnc(-c2ccc3occ(-c4ccc([S+](C)[O-])cc4)c3c2)o1,1.077985291
COc1ccc(C2(c3cccc(-c4cncnc4)c3)N=C(C)C(=N)N2)cc1C,1.432809005
COc1ccc(OCC2c3cc(OC)c(OC)cc3CCN2C(=O)c2cccc(Cl)c2)cc1,0.232233521
O=c1[nH]c2c(O)ccc([C@@H](O)CNCCc3ccc(CNCCc4ccccn4)cc3)c2s1,1.683677299
CN(C)CCC1CCN(c2cc(C(=O)NC[C@H]3CC[C@H](CNC(=O)OC(C)(C)C)CC3)c3ccccc3n2)CC1,0.602059991
C[C@@H]1c2c([nH]c3ccc(C(F)(F)F)cc23)C[C@@H]2CCN(CCN3CCOCC3)C[C@H]21,0.495544338
Cc1cc(I)cc2c1NC(C(=O)O)C1CC=CC21,-0.15490196
CN(C)CCOC1CN(c2cc(C(=O)NC[C@H]3CC[C@H](CNC(=O)OC(C)(C)C)CC3)c3ccccc3n2)C1,1.110252917
Cc1noc(C(C)C)c1C(=O)N1CC(C)OC(c2ccccc2)C1,1.111934276
COc1cc(Nc2nc3c(c(COC4CCCC4)n2)COCC3)ccc1-n1cnc(C)c1,0.311753861
C[C@H](Nc1ncc(F)c(Nc2cc(C3CC3)[nH]n2)n1)c1ccc(F)cn1,0.544068044
Cc1cc2c(s1)Nc1ccccc1N=C2N1CCN(C)CC1,1.092720645
CN(C)CCC1CCN(c2cc(C(=O)NC[C@H]3CC[C@H](CNC(=O)OCC(C)(C)C)CC3)c3ccccc3n2)CC1,0.123851641
CC(O)(C(=O)Nc1ccc(S(=O)(=O)N2CCCC2)cc1)C(F)(F)F,1.075181855
Cc1[nH]nc2c1C1(CCCCC1)CC(=O)N2,1.284633733
C[C@@](C(=O)O[C@H]1C[N+]2(CC(=O)Nc3ccccc3)CCC1CC2)(c1ccccc1)N1CCCCC1,0.1430148
O=[N+]([O-])c1ccc(-c2nc(-c3ccccc3)c(-c3ccccc3)[nH]2)cc1,-1.22184875
COc1cc2c(cc1OC)CN(CCc1ccc(NC(=O)c3cccc4c(=O)c5cccc(OC)c5[nH]c34)cc1)CC2,-1.292429824
CN(C)CCCC1(c2ccc(F)cc2)OCc2cc(C#N)ccc21,1.640481437
CO[C@H]1CN(CCn2c(=O)ccc3ccc(C#N)cc32)CC[C@H]1NCc1cc2c(cn1)OCCO2,1.868115205
OCC1CCCCN1Cc1ccc(-c2ccccc2)cc1,1.394924244
C[S+]([O-])Cc1ccc(C(=O)Nc2cccnc2C(=O)NCC2CCOCC2)c2ccccc12,1.187520721
C=CCc1ccccc1OCC(O)CNC(C)C,1.496029699
Cc1ccc(S(=O)(=O)Nc2c(C(=O)N[C@@H](C)C(C)(C)C)c(C)nn2C(C)C)cc1,0.621176282
N#Cc1ccc2ccc(=O)n(CCN3CC[C@@H](NCc4cc5c(cn4)OCCO5)[C@@H](O)C3)c2c1,1.673205282
CN1CCC[C@@H]1Cc1c[nH]c2ccc(Nc3ncccc3[N+](=O)[O-])cc12,1.58759873
CCCCc1nc(Cl)c(C(=O)O)n1Cc1ccc(-c2ccccc2-c2nn[nH]n2)cc1,-0.657577319
Cc1ccc(S(=O)(=O)N(C)c2ccc3sc(C)nc3c2)cc1,-0.173925197
Cc1cn([C@H]2CCCN([C@H](C)c3ccc(C(=O)O)c(Oc4cccc(Cl)c4)c3)C2)c(=O)[nH]c1=O,0.46686762
O=[N+]([O-])c1c(Nc2ccc(-n3cncn3)cc2)ncnc1N1CCC(Sc2ccccn2)CC1,-0.537602002
COCCCCC(=NOCCN)c1ccc(C(F)(F)F)cc1,1.349860082
Cc1c(Sc2ccc(Cl)cc2)c2c(-c3cnccn3)cccc2n1CC(=O)O,0.380211242
CCNC(=O)Nc1nc2c(-c3ncccc3F)cc(-c3cccnc3)cc2[nH]1,0.447158031
C[C@H]1CN(Cc2cc(Cl)ccc2OCC(=O)O)CCN1C(=O)Cc1ccc(F)cc1,0.967547976
Cc1c(F)cc(C(=O)NC2CC2)cc1-c1ccc(C(=O)NCC(C)(C)C)cn1,0.912753304
CC(C)(C)OC(=O)NC[C@H]1CC[C@H](CNC(=O)c2ccnc(-c3ccccc3)c2)CC1,-0.022276395
CCNC(=O)Nc1sc2ccccc2c1C(=O)N1CCC(N2CCCC3(CCN(CC)C3=O)C2)CC1,1.229425848
CC(C)N1CCN(Cc2cnc(-c3cc(-c4cccc5[nH]ccc45)cc4[nH]ncc34)o2)CC1,0.553883027
COc1ccc(CN2CCc3c([nH]c4ccccc34)C2)cc1OC,0.621176282
O=S(=O)(c1ccccc1)N(CC(F)(F)F)c1ccc(C(O)(C(F)(F)F)C(F)(F)F)cc1,-0.537602002
N#Cc1cc(S(=O)(=O)Nc2ncc(Cl)s2)ccc1Oc1ccc(Cl)cc1-c1ccnn1C1CNC1,0.152288344
CC(C)(C)OC(=O)NC[C@H]1CC[C@H](CNC(=O)c2cc(-c3ccccc3)nc3ccccc23)CC1,-0.301029996
Cn1cc(Nc2nc(N)nc(-c3cccc(-n4ccc5cc(C6CC6)cc(F)c5c4=O)c3CO)n2)cn1,0.581038949
C=CC(=O)N1CCC(C2CCNc3c(C(N)=O)c(-c4ccc(Oc5ccccc5)cc4)nn32)CC1,0.231979027
Cc1ccc(S(=O)(=O)Nc2c(C(=O)N[C@@H](C)C(C)(C)C)c(C)nn2C2CCSCC2)cc1,0.820201459
O=C1COc2c(CCNCCN(C(=O)CCNCCc3ccc(Cl)c(Cl)c3)C3CCCCC3)ccc(O)c2N1,0.903632516
C[C@H](CO)n1ccc2c(NC(=O)Cc3ccc(Cl)c(C(F)(F)F)c3)cccc2c1=O,0.592176757
N=C(NCCCCc1ccc(OCC(O)CO)cc1)NC(=O)c1nc(Cl)c(N)nc1N,1.496514519
O=c1[nH]c2c(O)ccc(CCNCCCSCCOCCc3cccc4ccccc34)c2s1,0.086359831
CC1C(=O)NC(Cc2ccc(F)cc2)C(=O)NCCCc2ccccc2O[C@H](C)CNC(C2CC2)C(=O)N1C,1.170555059
Nc1nc(=O)c2ncn(COCCO)c2[nH]1,1.953807998
CC(C)NCC(O)COc1cccc2ccccc12,1.347759218
C[C@@H]1CN(c2ccc3c(n2)NC(=O)CO3)[C@H](c2ccccc2)CO1,0.967547976
Cc1ncc(C(N)=O)nc1-c1ccc(C2CCC(CC(=O)O)CC2)cc1,0.53529412
C[C@@H](O)C(NC(=O)c1ccc(C#Cc2ccc(CN3CCOCC3)cc2)cc1)C(O)=NO,0.80140371
Cn1cc(Nc2nccc(N3CC4CCC(C3)N4C(=O)C3CC3(F)F)n2)cn1,1.786412441
CC(C)C(C(=O)Nc1nccs1)c1ccc(Cl)cc1,0.025305865
Cc1cc(F)ccc1OC1CCN(CC2CCN([C@@](C)(Cc3ccc(F)cc3)C(=O)O)CC2)CC1,1.651665604
O=C(CC12CC3CC(CC(C3)C1)C2)Nc1cccc2c(=O)n(C(CO)CO)ccc12,1.066325925
O=S(=O)(Nc1nncs1)c1cc(Cl)c(Oc2ccc(C(F)(F)F)cc2-c2ccnnc2)cc1F,0.301029996
Oc1cc2cc(CCN3CCN(c4nsc5ccccc45)CC3)c(Cl)cc2[nH]1,-0.522878745
O=C(NC[C@H]1CN(c2ccc(N3CCOCC3=O)cc2)C(=O)O1)c1ccc(Cl)s1,0.7355989
CNCCCN1c2ccccc2CCc2ccccc21,1.278524965
C1Cc2[nH]nc(-c3nn[nH]n3)c2C1,0.857332496
O=C(COc1cccc(Cl)c1)NC1CN(Cc2ccn(-c3ccc(C(F)(F)F)cc3)c2)C1,-0.366531544
CC#CC(=O)N1CC[C@@H](n2cc(-c3ccc(Oc4c(F)cccc4F)cc3)c3c(N)n[nH]c(=O)c32)C1,-0.029188389
Cc1cccc(C)c1OCC(C)N,1.802568498
C[C@@H](CC(=O)OC(C)(C)C)NC(=O)C1=NOC(C(O)(C(F)(F)F)C(F)(F)F)C1,1.204119983
CC1(C)CC[C@]2(NC(=O)C(C)(F)F)CC[C@]3(C)C(C(=O)C=C4[C@@]5(C)C=C(C#N)C(=O)C(C)(C)[C@@H]5CC[C@]43C)[C@@H]2C1,-0.055517328
CC(C)C(NC(=O)c1cc(Cl)ccc1C(F)(F)F)C(=O)c1ccc(C#N)cc1,0.631443769
C[C@H](Nc1nc(Nc2cc(C3CC3)[nH]n2)cnc1C#N)c1ccc(F)cn1,0.792391689
CC(C)[C@H](CO)Nc1nc(Nc2cc(N)cc(Cl)c2)c2ncn(C(C)C)c2n1,-0.099086932
Cc1ccc(C(NC(=O)c2ccccc2O)C(=O)Nc2c(C)cccc2C)s1,-0.124938737
COc1cc(NC(=O)c2ccccn2)ccc1Cl,0.650307523
Cc1cc(C)c(S(=O)(=O)NCc2ccncc2)c(C)c1,1.144574208
O=C(Nc1cccc2ncccc12)C1CCCN(S(=O)(=O)c2ccccc2)C1,1.091666958
COCC1=C(C(=O)O)N2C(=O)C(=NC(=O)C(NOC)c3csc(N)n3)[C@H]2SC1,1.657151502
CC(C)(C)NC(=O)NCCN1CCC(CNC(=O)c2cc(Cl)cc(Cl)c2)CC1,1.229425848
CC(C)(C)c1ccc(-c2nc3n(c(=O)c2C#N)CCS3)cc1,0.455758203
Cc1ccc(S(=O)(=O)Nc2c(C(=O)N[C@@H](C)C(C)(C)C)c(C)nn2-c2ccccc2)cc1,0.621176282
C[C@]12CCC(=O)C=C1CC[C@@H]1C2C(=O)C[C@@]2(C)[C@H]1CC[C@]2(O)C(=O)CO,1.593618308
NS(=O)(=O)c1cc(C(=O)O)c(NCc2ccco2)cc1Cl,0.311753861
Cc1ccc(NC(=O)c2ccc(CN3CCN(C)CC3)cc2)cc1Nc1nccc(-c2cccnc2)n1,0.447158031
O=c1cc(N2CCOCC2)nc2n(Cc3cccc(Cl)c3)ccn12,1.039414119
O=C(NCc1ccc(OC(F)(F)F)cc1)c1c2ccccc2c(O)n1CCc1ccccn1,0.650307523
Cc1nn(-c2ccccc2)c(NC(=O)NS(=O)(=O)c2ccc(Cl)cc2)c1C#N,0.243038049
O=C(Nc1cccc(Cl)c1)Nc1nnc(-c2ccncc2)s1,-0.337242168
Cc1ccc(S(=O)(=O)Nc2c(C(=O)N[C@@H](C)C(C)(C)C)c(C)nn2C2CCCCC2)cc1,0.563481085
CCCN(c1cccnc1)P(=O)(c1ccccc1)c1ccccc1,1.178976947
O=C(O)c1c(O)c(Cc2ccc(Cl)cc2)nc2c3c(ccc12)CCCC3,-0.853871964
O=C(Nc1ccc(N2CCNCC2)cc1)c1ccc(-c2ccc(Cl)cc2)o1,-0.259637311
CCCCCCC(=O)CCCCCC/C=C/C[C@@H](O)[C@H](O)[C@@](N)(CO)C(=O)O,0.447158031
Cc1cc(F)ccc1Oc1cccc2c(=O)cc(N3CCOCC3)[nH]c12,0.931457871
CCc1c(C(=O)C(N)=O)c2c(OCC(=O)O)cccc2n1Cc1ccccc1,0.88536122
CCC[C@@H](c1ccc(C(=O)O)c(Oc2cccc(Cl)c2)c1)N1CCC[C@H](n2cc(C)c(=O)[nH]c2=O)C1,0.252853031
Nc1nnc(-c2cccc(Cl)c2Cl)c(N)n1,1.708845638
CCC[C@H](c1ccc(C(=O)O)c(Oc2cccc(Cl)c2)c1)N1CCC[C@H](n2cc(C)c(=O)[nH]c2=O)C1,0.204119983
